permite questões poder perpetradas jeitinho sobressaia sendo ruptura violenta vontade constituição	train
inconstitucional necessário concurso público	train
ofensa moralidade administrativa isonomia interesse público	train
fere	train
inconstitucional imoral vergonhosa incentiva apadrinhamento rei tudo povo esforçam estudam querem vencer próprio mérito nada ultrajante retrocesso	train
inconstitucional	train
absurdo perpetua cartórios feudos capitanias hereditárias não preenche cargo delegação pública concurso público atuais acham preparados exercer atividade basta realizarem concurso não poderia simples	train
questão justiça evitar serventias baixa rentabilidade interiores fechadas gerará grandes transtornos	train
concurso permite aplicação isonomia onde viu país vive democracia passar cartórios dentro família conseguir indicação pra cartório porque influência favor disso pode família titular interino tá ganhando dinheiro ter realmente merecido	train
segurança juridica garantindo direitos reservados antes constituição 88	train
interinos conhecimento bem abrangente pois trabalharam muitos anos cartório prestação serviço junta comunidade sendo excelente padronização falar agilidade atendimento	train
fere ordem constitucional antes tudo moral contratação poder público concurso sobretudo lei deve genérica abstrata	train
fere todos princípios constitucionais administrativos existentes	train
milhares candidatos aprovados concurso não assumirão pec passar	train
trem alegria não gosta estudar	train
violação princípios concurso público impessoalidade moralidade outros verdadeiro retrocesso colide frontalmente vontade constituinte originário estabelecer ingresso concurso público serventias extrajudiciais	train
afronta constituição federal	train
fere constituição federal indecoroso estimula nepotismo risco segurança moralidade publica	train
injustiça retirar tabeliães dedicaram vidas cartório não sendo formados direito experiência incomparável recém justiça deus não falha	train
descumprimento cf quanto necessidade concurso público	train
forma bizarra ofensa democracia tipo lei ofende todo qualquer princípio ético absurdo	train
fere constituição federal princípios fundamentais pec evidentemente inconstitucional inegociáveis princípios impessoalidade moralidade eficiência concurso garante	train
restrita forma entrar neste círculo devem mantidas devido benefício exposto através prova conhecimentos títulos requer assumir responsabilidade desta	train
afrontar constituição federal artigo 236 privilegiar não presta concurso público apadrinhamento retrocesso trem alegria	train
situação completamente inconstitucional ocupar tais funções realização concurso público	train
questão justiça todos aprovados concurso público	train
passados 30 anos constituição república ainda pessoas não querem submeter concurso público poder legislativo não finalidade privilegiar pequena casta inconstitucionalidade desvairada maluca absurda	train
preservação pessoas deram vida serviço amor lealdade integridade dedicação não havia concurso época efetivamente nomeados governador	train
questão justiça evitar serventias baixa rentabilidade interinos fechadas geraria grandes transtornos	train
inconstitucional fere artigo 23 6 constituição federal diversos princípios	train
interesses privados detrimento interesse publico	train
retrocesso social concursados trouxeram eficiência serviço prestado serventias extrajudiciais	train
ofensa princípio moralidade administrativa princípio concurso público eficiência	train
imoralidade	train
absurdo manutenção registradores tabeliães incapazes sequer passaram concurso chegar lá fim meritocracia favor monarquia feudal oligarquia plutocracia	train
inconstitucional imoral verdadeiro retrocesso beneficiar apadrinhados nepotismo	train
nenhum	train
absurdo retrocesso brasil	train
vai entregar serviço público concurso inconstitucional passível adi	train
necessário moralizar pais chega privilégios criados atos legislativos atual legislação não impede frente cartório faça concurso legalmente assuma serventia	train
reconhecimento trabalho pessoas dedicaram vida prestação serviço público	train
totalmente inconstitucional acredito cogitando aberração desta quer cartório estude adquira méritos próprios	train
legalidade justiça direitos adquiridos	train
maioria pessoas desconhece rotina interino cartório	train
além imoral vai encontro norma constitucional vigente garante segurança processo ingresso atividade notarial	train
fraude concursos publicos	train
proposta inconstitucional ingresso atividade deve feita concurso público todas outras carreiras jurídicas	train
experiência	train
injustiça pessoas dedicam utilizao anos vida estudando concursos publicos projeto completa aberraçao	train
justiça virou desculpa burlar regras constitucionais possibilitar verdadeiro trem alegria permitindo apadrinhados permaneçam serventuários qualquer certeza regularidade provimento so respeito constituição impõe rejeição pec	train
tremendo retrocesso flagrante ilógico não sustenta	train
fere isonomia princípios administração pública gera insegurança jurídica processo escolha profissional zela segurança	train
concurso público regra brasil acesso atividade notarial registral deve critério meritocracia	train
contra princípios básicos impessoalidade moralidade eficiência retrocesso	train
inconstitucionalidade vota favor vota perpetuação nepotismo	train
desnecessária alteração vez lei alterou lei regulamenta artigo 236 cf dispondo criando regra justamente ingressou concurso período anterior referida lei	train
justiça interinos anos qualidade responsáveis serventias investiram vida recursos próprios prestando relevante trabalho público social desamparo revés todavia	train
muitos anos pessoas vem dedicando vida trabalho buscando sempre ajudar população concurseiros pensam dinheiro conhece habitantes cidade toda população sofre	train
correto regularizar pessoas tempo frente cartórios não expulsar	train
não tirar direito adquirido trabalho trabalha 20 anos neste ofício	train
totalmente inconstitucional flagrante violação comezinhos princípios administraçao publica moralidade impessoalidade absurdo inconteste	train
continuar profissionais atuam área dando novamente chance ingressar mercado trabalho afinal emprego não fácil demitidos forma inesperada injusta queremos emprego volta família depende desse emprego	train
justiça interinos passaram anos dedicando vida atividade notorial experiente	train
completamente inconstitucional privilegia ilegalidade	train
ninguém pode delegatario poder público concurso público totalmente inconstitucional	train
devia ter sido aprovada anteriormente sanar vacância oficiais tabeliães serventias brasil	train
acho concurso vc escolhe capacitado cartorios herdados nitidamente pessoas sao desorganizadas nao tratam gente bem ainda dao informações erradas	train
inconstitucional imoral	train
proposta não razoável beneficia nunca estudou passando pai filho juiz passasse cargo filho qualificação discordo plenamente	train
pec não acaba prática concurso público impede pessoas cargo simplesmente descartadas pequenos municípios distritos cartórios fechados apenas	train
segurança pequenos municípios quanto continuidade serviços prestados	train
vasta experiência totalmente favor	train
preenchimento cargos não ocorrerá maneira democrática	train
vulnerabiliza segurança jurídica qualificação técnica imparcial apenas delegação concurso permite	train
absurdo sistematicamente volta pauta câmara querem perpetuar inconstitucionalidade	train
fere princípio isonomia pois privilegia alguns hoje exercem delegação terem passado processo aplicado rigidamente outros pessoas não enquadraram critérios estabelecidos art 47 lei permanecerem função	train
cartórios assumidos titulares concursados melhoraram atendimento população todos aspectos nepotismo não pode vigorar neste qualquer tipo serviço público acertou prever concurso deve mantido	train
cf estabeleceu necessidade concurso público assumir tal função destarte nomeação tal requisito frontalmente contrária isonomia princípios administração pública	train
totalmente inconstitucional prestigiando apadrinhados políticos afrontando totalmente situação renovação país passa tanto almeja precisamos pessoas mérito não padrinhos	train
trabalham muita eficiência dedicação fazem anos experiência responsabilidade deveres	train
justiça comprometimento verdade levantou serventias desacreditadas sociedade parabéns envolvidos	train
stf firmou entendimento eh inconstitucional bular concurso público após	train
injusto dedica anos preparação	train
tudo palhaçada	train
privilégios	train
pessoa responsável cargo exerce tabelião formado direito todas características cartório exigir justo assumir funçao definitivamente	train
além inconstitucional retrocesso crescente melhoria prestação serviço cartorios	train
pessoas experientes capacitadas comprometidas não coerente injustiça profissionais	train
nada justo vem anos atividade interino dando sangue sociedade	train
justiça delegatários substitutos dedicam anos atividade notarial registral	train
questão justiça presta ótimo trabalho décadas visando realizados concursos titulares vem prestando péssimo trabalho	train
parlamentares não conhecem constituição	train
respeito dignidade não pensam somente quanto cartório rende concurseiro não respeita ninguem	train
pec manifestamente contrária texto art 236 constituição república além disso imoral privilegiar pessoas assumiram delegação prestar concurso público	train
pec repleta inconstitucionalidade flagrante desrespeito constituição detrimento interesses pessoais minoria	train
viola isonomia cidadãos permite oportunidades iguais todos regra concurso público sendo inconstitucional conforme inúmeras decisões stf	train
interinos 10 anos cartórios	train
questão justiça pois interinos possuem prática diária funcionamento serventia priorizando bom atendimento público maioria vezes concursados serventia ficam	train
quer cartório estude conquiste	train
questão justiça efetivação tabelião doaram prestação serviço público	train
afronta continuação pois fere princípio isonomia concurso público desrespeita pessoas anos estudando profissionais preparados confiáveis população levando insegurança jurídica	train
burla concurso público	train
inconstitucional privilégio odioso	train
concurso público obrigatório ingresso carreira pública nenhuma função podem efetivados não prestou devido processo seletivo	train
preciso faça justiça todos assumiram atividade anos nunca poder judiciário feito concurso não deve prejudicar familias doaram serviço fim despejadas passividade próprio poder judiciário	train
determinou ingresso cartórios concurso público provas títulos concurso aberto todos interinos podem pq não fazem aprovados simplesmente pq não possuem competência passar querem famoso jeitinho brasileiro	train
justica anos dedicacao oficiais alem experiencia trabalho	train
nenhum	train
ponto positivo dar direitos trabalhando décadas	train
segurança juridica garantindo direitos reservados antes constituição 88 trabalha dedicou vida toda cartorios atualmente sendo despejados	train
pec favorece pequenos cartórios deficitários pois muitos assumem desistem vem renda	train
infelizmente tratando desiguais forma igualitária devido inoperância estado inércia deixou pessoas assumirem cargos trinta anos agora interino sair direito algum	train
fere constituição	train
delegação serviço público não empresa pra passar pai pra filho absurdo pec deputados legislar pro sociedade não alguns favorecidos	train
fere diretamente princípios administração pública beneficiando pessoas não fizeram concursos públicos manterem serventias vai contramão toda doutrina jurisprudência	train
pura fraude concursos públicos tentativa legalizar irregularidades antigas contrariando jurisprudência consolidada stf	train
não regime monárquico	train
afronta constituição cidadã querem titular cartório submeta concurso público restante apenas vitimismo pessoas despreparadas atividade notarial	train
justiça delegatários substitutos dedicam anos atividade notarial registral	train
absurdo retrocesso total apadrinhamentos corrupção começa porque apadrinhado ficará devendo favores padrinho desse jeito não constrói país melhor	train
inconstitucional imoral	train
todos pontos positivos apontados falsos sobra concursos públicos candidato não chegou conseguir escolher serventia falta defende pec caráter vergonha cara	train
pessoas dedicaram vida inteira trabalhos cartorios devem tratadas respeito consideração pois trabalham carinho amor servindo comunidade respeito colegas registradores interinos	train
anos vem sendo prestados excelente trabalho nescecidade concurso	train
reconhecer direitos adquiridos através atos concedidos lei serventuários	train
profissionais competentes especializados experiência trabalho exercem ótimo trabalho sempre atualizado fiscalizado não havendo necessidade migração mesmos troca desses profissionais	train
afronta constituição federal direito daqueles frente serventias observado cf 88 assumiu após data observar regra constitucional sob pena cf modificada sabor interesses privados	train
favorável pec concurseiros querem grandes cartórios assumem cartório assumem deixa lado logo seguida vê não retorno	train
verdadeiro absurdo afronta constituição federal vergonha	train
proposta tenta resolver problema causando problema maior ainda proposta não fala nada cidades pequenas argumentos utilizados aprovação	train
inconstitucional concurso público ponto final	train
questão injustiça existem milhares aprovados concurso aguardando nomeação cartórios grandes pequenos perderão tapetão pec golpe baixo moralidade	train
afronta sistema meritocrático beneficiando não mostraram capazes entrar porta frente excelentes cartórios serem amigos rei	train
pessoas dedicam anos prestando excelente serviço não podem simplesmente serem descartados	train
desumano saber alguém andar 100 km estrada chão pra poder fazer simples certidão nascimento favor pec 471 protege desprovidos recursos	train
inconstitucional fere isonomia igualdade concurso público	train
inconstitucional passar concurso público	train
deve feito através concurso público deveria ter vergonha cara autor dessa pec vergonha colocar pauta pec 17	train
tudo	train
estudei vida toda qualificando trabalhar nesta entrei fiz prova oficial regras mudadas ter direito adquirido competência qualificação continuar trabalhando serventia	train
pec elaborada flagrante inconstitucionalidade	train
todos totalmente inconstitucional	train
corporativismo explicito	train
favor concurso cartório não apadrinhamento	train
principio legalidade isonomia precisa respeitar concurso público ponto não discutir	train
efetivar pessoas não preparadas exercício função absurdo concurso público maneira ideal selecionar melhores candidatos	train
inconstitucional	train
atentado contra constituição pec quer prejudicar realmente capacitado estuda anos	train
muita palhaçada pessoal não prestou concurso querer ganhar cartórios vão estudar passar concurso	train
concurseiro fazendo faz melhor barulho internet nada justo interinos substitutos dedicaram vidas prol cartório concurseiros olho lucro cartórios pequenos não duram 6 meses	train
tal pec mostra completamente inconstitucional constituição federal determina regra concurso público	train
nada justo pessoas vem contribuindo anos trabalho	train
pequenos distritos interior brasil	train
desrespeita moralidade administrativa conceder delegação cartórios concurso público	train
obrigatoriedade concurso público outorga delegação serviços notariais registrais previsão constitucional devendo assim sumariamente respeitada interino interesse garantido participação concurso público	train
d receber excedentes repassados respondentes serventias vagas q vários anos p capacitar aplicar concurso público não fizeram contando justamente brasil feudal amigos rei	train
prefiro continue porque pessoas desenvolvem excelente trabalho honesto justo não vejo necessidade nenhuma venha trocar pessoas	train
flagrantemente inconstitucional	train
filhos cartorarios vida inteira preparados função conhecem completamente todos atos torna serviço efetivo célere	train
vergonha projeto contra moralidade meritocracia	train
insonstitucional vai contra poder constituinte originário eatatuiu precisa concurso titular serventia quer titular preste passe concurso	train
nenhum fere princípio moralidade	train
caro deputado aguentaria pressão tribunal receita aguentaria trabalham bicho não ter direitos qualquer outro funcionário caro deputado negar água serventia vacância legal	train
cumprir constituição mérito capacidade forma democrática republicana acesso atividades pública	train
cartórios bem preparados prosseguir trabalho acho justo dar continuidade porque têm conhecimento muita habilidades fazer obrigações injusto	train
retrocesso porque retira possibilidade pessoas não politicamente indicadas ingressarem atividade verdadeiro atentado democracia princípio igualdade	train
bom trabalho vem sendo prestado	train
pec farra querem delegação vão estudar	train
concordo plenamente justo pec não visa acabar concurso cartórios sim efetivar interinos frente serventia luta árdua dia após dia serventia não ocupadas concursados não possuir renda ocorrido todos estados	train
totalmente inconstitucional pec absurdo país caminhando retrocesso	train
concursados antes constituição capazes experientes prestam serviços sociedade contento	train
justiça muita gente interior depende disso desastre pra famílias	train
justo regularizar situação interinos anos cargo	train
emenda inconstiticional viola artigo 236 constituição federal mínimo espera dessa casa protegem constituição sociedade normas	train
garantir direitos dedicou vida ofício direitos retirados constituição federal 88	train
vergonha	train
piada mau gosto pleno século 21	train
justiça	train
inconstitucional inconcebível estado democrático direito	train
qualidade serviço	train
inconstitucional	train
justiça dar acesso estudou mérito passou concurso	train
regularização interinos pois anos dedicam exercício atividade cartorária	train
inconstitucional	train
privilégio pois ignora necessidade capacitação técnica aprovação concurso público	train
garantir direito sobrevivência reconhecimento servidores dedicam anos tal serviço	train
nada justo indivíduo prestando serviço sério justo qualidade permaneça cargo aprovação dessa ec sinônimo justiça inúmeros cidadãos pais mães família presta serviço excelência	train
retrocesso constituição voltando época capitania forma correta concurso	train
inconstitucional quer cartório venha jogo dispute vaga leal não covarde	train
concurso público livre acesso funções públicas fim apadrinhamento político voto contra pec 471	train
premia nunca prestou concurso premia vadio	train
viola acesso função via concurso princípios democráticos essenciais igualdade impessoalidade moralidade eficiência	train
inconstitucionalidade todos devem entrar ppr concurso publico não porta fundos	train
fere princípio concurso público permite dar oportunidades iguais todos efetiva pessoas indicadas função pública detrimento daqueles esforçam meio estudos dedicação alcançar delegação concurso	train
nada justo respondente trabalharam vida servindo população justiça muitos casos cartórios deficitários trabalham minimo possível	train
inconstitucional necessário concurso público	train
inconstitucional	train
inconstitucional	train
existem muitos projetos automatização andamento ajudam pessoas facilitam regularizaçoes necessárias rapidamente não pode descontinuado	train
verdadeiro absurdo inconstitucional	train
forma meritocrática fortalece democracia concurso contratação fortalece elite social	train
nenhum ponto positivo	train
não pode efetivar interinos dessa forma inconstitucional pec ultrapassada taj promovam concursos públicos serventias vagas	train
maioria pessoas passaram vida toda dentro cartório prestando serviço qualidade total dedicação amparo lei	train
interessa manter função pública concurso	train
justiça interinos prestam trabalho excelência dedicaram anos vida serventias garantir pequenos interiores continuem prestando serviço tão indispensável população	train
não retrocesso necessário regulamentar casos ingressaram durante lacuna normativa 1988 após cf 1994 lei cartórios absurdo considerar pessoas ingressaram época cargos hoje obrigadas saírem	train
perpetua jeitinho brasileiro indicação muita vezes critério técnico mínino traz retrocesso destrõem parte sociadade busca alcançar lugar sol baseado meritocracia	train
quebra isonomia cidadãos regra concurso público sendo inconstitucional conforme inúmeras decisões stf	train
presidentes tj estados nomearam assinaram pra cartorarios remover ficar cargos sera nao vale cnj quer tj stf	train
segurança jurídica	train
presenteia grandes cartórios mãos interinos concurso não deixe enganar	train
titular somente através concurso público cartório não herança	train
tanto tempo luta frente povo merecimento efetivar	train
achar injusto interinos após anos trabalho dedicado serventias fiquem desempregados nenhum tipo garantia adianta abrir concurso público título oportunidades iguais todos ignorar todos faziam mesma função	train
velho conhecido sistema capitanias hereditárias secular promove perpetua incompetência	train
efetivada cartorários não concursados	train
substituto temporário gente habilitada investiu gastou horas valores passar concurso porque temporário direito pular fase	train
garante direitos cartorário década trabalhando	train
cidadaos efetivados acordo tribunais justica dedicando decadas vida agora contam 60 anos sao bacharéis direito pos graduação justiça têm capacidades	train
fere diretamente princípios constituição federal vai gerar cabides empregos políticos prejudicar crescente evolução melhorias serviços prestados cartórios	train
manutenção lei ordem	train
analisando entrada pessoas incapacitadas concurso publico	train
pec inconstitucional posicionamento sobre tipo matéria pacificado stf inconstitucional	train
pec não impede concurso público apenas protege pessoas assumindo cargo anos presente momento injusto simplesmente terem dedicado tanto trabalho sério muitas vezes envolve tantas renúncias concursos serventias vagas partir agora novas oportunidades virão desfazer alguém serviu serviços momento injusto atuantes entendam	train
burla concurso público pec visa preservar herdou cartório apadrinhado total afronta cf demais legislações princípios inclusive pec extremamente rechaçada ministério público oab	train
inaceitável efetivação delegatórios dias atuais não monarquia ausência concurso público fere constituição	train
previlegia muitas vezes não preparo jurídico exercicio função vez notário registrador regra deve bacharel direito	train
vai fazer justiça oficiais efetivação garantida estado pessoas 30 anos serviços prestados correndo risco ver todo trabalho perdido	train
bonito discurso pontos positivos sabemos intenção real	train
burla lei seleção meio concurso publico	train
absuuurda peça vergonha deputados não podem deixar passar imoral	train
não	train
exemplo interpretes peritos fundações civis organizações c funções públicas justiça educação saúde não concurso público pq p interinos após tanto empenho investimento intelectual patrimonial não justo	train
acho justo efetivação interinos pois muitos anos cartório merecem continuar ficar aposentarem	train
vergonha concurso público correto	train
total desconformidade constituição 1988 buscando evoluir acabar sistema capitanias hereditárias imoral ineficiente ainda existe brasil fixou necessidade realização concursos públicos cartório não herança	train
ótimo trabalho vem sendo realizado anos	train
não podemos aceitar leis beneficiar autores projeto	train
impede livre acesso todos igualdade condições	train
desorganiza sistema atual vem funcionando direito entrega mérito delegações detrimento realmente preparam concurso sempre maior prova preparação responsabilidade anos	train
importante atividade continue atendendo populações interior deste imenso brasil	train
não pontos negativos	train
total falta respeito princípio imparcialidade	train
não vejo justificativas positivas pec	train
fere determinou realização concursos quebra princípio basilar republicano	train
viola frontalmente constituição federal 1988 pois permite pessoas ingressem serviço público concurso público verdadeira gambiarra constituicional	train
proposta emenda constituição acaba prática todos concursos públicos andamento venham autorizados próximos anos privilegiando pessoas indicadas substituir titularidade durante vacância	train
inadmissível trem alegria efetivar pessoas não prestaram concurso público absurdo inconstitucional favor srs deputados coloquem mão consciência	train
inconstitucional	train
fere cf	train
pessoa dedica estuda anos anos concurso público passa prova inclusive passa segunda fase peça prática pessoa família largou tudo estudar agora querem efetivar pessoas não concursadas injustiça	train
burla princípio concurso público	train
agraciar compadres políticos prestaram concurso público inconstitucional imoral	train
inconstitucional	train
cartórios precisam modernizar titulares concursados revolucionando qualidade serviços prestados	train
fere toda noção justiça função pública não delega concurso vivermos república coisa pública não trata coisa pública bel prazer titular estado dando presentes quiser regra concurso público justa	train
manobra perpetuar chefões comando cartórios vergonha praticada casa	train
reconhecimento trabalho pessoas dedicaram vida prestação serviço público reconhecimento algum	train
pessoas dedicam anos vida além concursados não quererem assumir baixa rentabilidade assim causando tumultos serventias vagas não queremos	train
cf 1988 vedou forma nepotismo cartórios 30 anos continuam tentando violar estudado concursados	train
fere morte cf estado democrático direito	train
inconstitucional fortemente tendenciosa	train
fere princípio constitucional vergonha pessoas representam congresso favoráveis pec	train
pessoas capacitadas anos experiencia dedicadas atendimento população forma responsavel honesta	train
decadência sistema violação constituição intuito apenas beneficiar minoria tenta qualquer maneira burlar exigência concurso público	train
manobra tentar burlar cf vergonha concurso aí todos bom alega interino ter experiência etc vá lá passe pronto não necessário manobra escusa burlando lei maior	train
pec totalmente inconstitucional retrocesso	train
concurso publico maneira democratica acesso qualquer cargo publico alem disso garante acesso daqueles melhor prepararam possuam conhecimento juridico necessario melhor desempenho funçoes tao relevantes	train
questão justiça pessoas anos décadas deram melhor exercício atividades construíram toda história não podem descartadas lixo	train
fase transição lei vida inteira dedicação serviços significa muita prática conhecimento experiência plena dedicação	train
absurdo concurso público forma legítima justa prover cartórios pois escolher competentes proporciona acesso democrático não imoralidade	train
mantido pois muitos cartórios pequenos irão fechar	train
fazer justiça titulares substitutos anos frente serventias envelheceram serventias passando todas dificuldades não podem jogados qualquer jeito velhos chance novo emprego	train
retrocesso totalmente inconstitucional cartórios melhoraram atendimento após abertura vagas concursados	train
concurso prestar concurso três etapas necessita esforço tremendo motivo outros merecem apadrinhados receber colo delegação além imoral inconstitucional	train
resolve questão vacância principalmente cidades pequenas distritos valorizando outrora batalharam ainda batalham serventia	train
subversão razoável	train
atenta claramente contra princípios moralidade impessoalidade isonomia previstos cf	train
pessoa sorte destino fica cargo concursos difíceis brasil tá fácil	train
respeito respondentes dedicaram anos vidas trabalho cartorario	train
nenhum incompatível nova ordem democrática	train
inconstitucional	train
reconhecimento trabalho dedica vida 5 anos trabalho	train
total retrocesso desrespeito milhares pessoas dedicam arduamente honestamente aprovação concurso	train
vota conta pec não entende quantas pessoas estariam sendo prejudicadas população carente mora pequenos municípios distritos deslocar município maior requerer serviços básicos pois haveria fechamento serventias deficitárias difícil acesso grande parte destas pessoas não aqui votando pois não possuem conhecimento necessário	train
corrige injustiça dedicou durante vários anos atividade forma séria competente	train
fazer justiça trabalham anos neste ramo	train
imoralidade total	train
estado tjs anexam serventias remuneração pífia outras aumente renda mínima dar estabilidade aprovação concurso público híper inconstitucional	train
acho justo efetivação interinos pois conheço interinos 36 anos cartorio vida merece estabilidade	train
injustiça	train
serviço prestado igualdade concursados justiça respondentes dedicam vida prestação bons serviços	train
inconstitucional mantem gestores não preparados cartórios criando margem fraudes desserviço populaçao	train
inconstitucional existe regra preenchimento vagas cartórios única exclusivamente concurso provas títulos cf não admite exceções	train
questão justiça interinos dedicaram anos vida função serventias evitar ocorra acontecendo serventias vagas pois concursados não querem assumir baixa rentabilidade	train
proposta baseada argumentos mentirosos afirmando cartórios fechados falácias buscam regularizar situação titulares não submeteram concurso cartório concurso chega jeitinho chega herança	train
retrocesso precedentes história brasil pleno século xxi agentes públicos nomeados tabeliães prestar concurso público indo contramão constituição brasil simplesmente vergonha estado democrático direito	train
pec completamente contrária afrontosa verdadeira aberração jurídica	train
reconhecimento anos dedicou trabalho presteza sociedade transparência perante fórum tj estado	train
suposto argumento pequenas serventias ficaram titular demagogia pois concursado não assume interino fica	train
estabelece forma inconstitucional acesso cargo público efetivo deve apenas concurso	train
pessoas vida dedicada cartório não pode simplesmente sair perder todo esforço vida anos dedicação	train
não injustos pessoas capacitadas lá vários anos	train
fere princípios constitucionais norma orginária constituição federal	train
segurança jurídica constituição 88 direitos reservados	train
famoso trem alegria facil efetivar concurso contrariando todo ordenamento juridico cf leia normas esparsas obrigar interinos passarem concurso todo qualquer cidadao	train
queremos país honesto começar votar leis não firam princípios basilares república isonomia moralidade	train
fere totalmente principio isonomia onde todas possam lutar condições iguladade cargo meio concurso público não trata sistema monárquico passa direito exercer função forma hereditária	train
segurança jurídica maior razão fundamento existência serventias extrajudiciais restará eliminada concurso público garante isonomia certeza profissionais qualificados exercício atividade	train
favorecer pequenos cartórios	train
pouco caso esforço sacrifício milhares atualmente preparam pra concurso pouco caso meritocracia ofensa princípios constitucionais igualdade moralidade	train
inconstitucional	train
absurdo so previlegiará ricos	train
justiça respondentes passaram anos hora outra podem sair outras pessoas inexperientes assumir	train
valorizar atuando	train
questão justiça evitar serventias baixa rentabilidade interiores fechadas q geraria grandes transtornos	train
flagrantemente inconstitucional trem alegria incompetentes	train
inconstitucional injusto imoral	train
trem alegria apadrinhados políticos respeito constituição federal mínimo espera congresso nacional	train
indicação política ausência imparcialidade acesso sempre deve concurso público contrário vamos rasgar constituição injustiça não padrinho época indicasse assumir serventia meritocracia	train
cargo público deve preenchido concurso	train
fere princípio constitucional impessoalidade	train
pessoa não presta concurso não deve cargo vitalício não ter adquirido mérito próprio logo não ter passado processo seletivo conhecimento	train
afronta isonomia cidadãos art 5º regra concurso público art 236 3ª sendo inconstitucional conforme inúmeras decisões stf	train
ótimo trabalho interionos vem prestando sociedade	train
inconstitucional antiética abusiva imoral	train
burla princípio concurso público	train
afronta constituição federal	train
pec pretende regularizar situação interinos cartórios contrariando constituição federal muitos não possuem conhecimento juridico prática serviços alçados cargo razão conchavos políticos amizades	train
pessoas responsáveis participam ativamente vida cartorária 30 anos	train
legitimar direito serviço prestado população anos décadas localidade rejeitada concursados	train
absurdo brasil base jeitinho sempre acabar concurso público	train
justiça serventuários anos labuta única coisa sabem fazer atuarem atuando	train
pessoas experientes	train
retrocesso aprovar tal medida emendas constitucionais tentativa legitimar flagrantes inconstitucionalidades	train
não falar convalidação efeitos atos ilegais segundo lei art 54 pessoas têm conhecimento situação precária desde constituição federal 1988 assim além inconstitucional ilegal tal proposta	train
pessoas vida dedicada profissão preparados serviço todos objetos investidos notebook computador impressora dedicaram vida inteira ganhar direito apenas rua não justo efetivar sim anos dedicação	train
inconstitucional concurso público maneira adequada selecionar profissionais qualificados garantir princípio igualdade	train
concurso público forma seleção estabelecida recepção princípio supremacia interesse público eficiência outros ausência observância nesse sentido consubstancia violação postulados constitucionais dentre evidente retrocesso social	train
penso câmara deputados deveria ter vergonha votar pec conteúdo totalmente inconstitucional	train
chega apadrinhamento regra concurso vai fazer concurso interinos substitutos plena consciência cargo temporário	train
justo porque concurso pessoas minimo experiencia cartório assumem	train
todos pois inconstitucional	train
pessoa nunca fez concurso cartório cai colo injusto imoral	train
dedicada vida inteira população trabalho prestamos interinos	train
concretização direito adquirido pessoas interinamente desenvolvendo atividades	train
segurança jurídica	train
ja questao resolvida tanto aberto concursos agora interesse politico herdeiros irregular cartorios querem causar injustica nesse pais ja nao respeita nada concurso publico	train
nenhum	train
afronta totalmente constituição federal	train
onde fica meritocracia absurdo total vergonha pec	train
concurso público desde constituição 1988 concurso todos deseja ingressar carreira faça legitimamente estudando passando concurso	train
aprovada pec pretende efetivar atuais interinos cartórios aprovação concurso público absurdo retrocesso moral sociedade não aguenta tipo conchavo indicações políticas antidemocráticas favorecimentos ilegais	train
elevar princípio isonomia participação coisa pública legitimar delegação serviço público concurso selecionar melhores preparados completamente inconstitucional	train
referida pec fere previsão constitucional concurso público provas títulos interinos cartórios conhecimento situação precária titularidade assim não faz sentido pec afronta princípios democráticos constituição federal 1988	train
retrocesso país nenhum fundamento problemas pessoas idôneas simples imagem familiares pessoas influentes contar aperfeiçoaram atividade saber lidar situações problemas encontradas cartórios todos dias	train
famoso trem alegria onde pessoas não concursadas alguns formação superior administrando cartórios rentáveis querem estabilizados enquanto vários concursados aprovados esperando tomar posse forma justa honesta	train
proposta viola princípio concurso público	train
direitos garantidos compromissados justiça	train
direito adquirido	train
vergonha cidadãos deste país pessoa irá ganhar governo serviço público ingresso através concurso não queiram beneficiar pessoas lastimável	train
afronta constituição federal não embasamento legal justifique pec deixando evidente interesses obscuros propõe	train
justiça dedicam anos atividade notarial registral	train
maioria respondentes tempo respondendo cartórios vida conhecimento dedicação acho justo efetivados	train
nenhum	train
efetivar concurso não boa prática representa oportunismo favorecimento precisamos implementar meritocracia interinos podem fazer concurso conquistar efetividade	train
nao existe ponto positivo	train
pessoas precisam informar sobre conteúdo nunca mencionado extinção concursos públicos apenas visa proteger pessoas tempo trabalhando nestas funções não podem simplesmente dispensadas funções descartáveis concurso continuaria acontecendo protege serventias deficitárias cidades pequenas poucos recursos difícil acesso coisa concursado nenhum quer data	train
aprovada abrirá precedentes situações semelhantes outros cargos sendo dispositivo acabar nomeações irregulares	train
pessoas vida cartorária antes devendo assegurado direitos	train
viola princípio moralidade princípio concurso público estabelecido constituinte originário	train
justiça pec 471 melhor opção interinos devem sim efetivados cartórios pois dão sangue profissão ficam dentro cartório trabalhando	train
atividade notarial registral evoluiu desde determinou ingresso concurso público provas títulos interinos podem fazer concurso público pq não fazem pq não competência passar concurso público	train
pec beneficia milhares pessoas moram interior brasil não acesso serviços notarias registrais pois cartórios próximos residências não ocupados concurseiros almejam cartórios altas rendas	train
outorgar titularidade cartório alguém não passou concurso público provas títulos quase nunca capacidade técnica gerir serventia população apedreja cartórios porque dados mão beijada ainda dias hoje	train
muitos	train
proposição absurda contraria espirito ferindo morte princípios impessoalidade moralidade	train
fere constituição lei jurisprudência stf doutrina diante somente poderá assumir cartório bacharéis direito pessoa 10 anos atividade aprovados concurso	train
agressão meritocracia presta concurso público	train
possibititar acesso cidadãos serventias ficam serem ocupadas regularizando situação frente diariamente colocando suor recursos atender pares concurseiros visam serventias alta lucratividade	train
burla concurso público nomeação incompetentes	train
nada justo interinos trabalharam vida toda cartorios principalmente todos completaram época requisitos solicitados	train
não pode propor tal pec segurança jurídica porque cargo interinos notória necessiariamente provisório tentativa burla necessidade concurso pessoas deveriam ter vergonha apoiar pec	train
protege direitos adquiridos titulares empossados governador estado após cf 1998 porém antes lei federal lei cartórios regulamentou efetivamente implementou concurso público serventia extrajudicial	train
deve ter concurso público sim	train
concurso público regra constitucional não pode ficar retrocedendo todo tempo acomodar pessoas cartório coisa séria somente concurso público poderá aferir conhecimento total legislação colocada prática todos atos diuturnamente	train
desprestigia principio concurso público insculpido artigo 37 crfb	train
notória corrupção grandes serventias estao interinos ha tempo permitido cf	train
segurança jurídica pessoas conhecimentos práticos principalmente famílias pioneiras encontram municípios interior	train
prejudica anos vem prestando excelencia serviços cartorios sociedade	train
retrocesso totalmente inconstitucional ocupam cartórios concurso público deverão prestar concurso conseguir aprovação exercer delegação estado	train
pessoas altemente capacitadas dedicaram boa parte vida prestação serviço	train
questão justiça duas décadas serventia evitar serventias pequenos municípios fechem gerando transtorno população	train
segurança jurídica	train
inconstitucionalidade conceder estabilidade pessoas exercem interinidade cartórios respeito concurso público presente indicar pedir base parlamentar voto contra pec	train
direito adquirido	train
justiça dedicou anos serviço cartorial	train
argumentos inverídicos pec verdade concursados não possuem interesse cartórios pequenos entanto 90 concursados assumem cartórios pequenos estados paulo quase 100 cartórios escolhidos cada concurso continuam vagos destinados próximo concurso não fechados pois interinos assumem temporariamente próprio notário registrador pode acumular próximo concurso	train
totalmente inconstitucional	train
cartório interior onde rentabilidade baixa não ficarão vagos	train
totalmente contraditório lei injusta falta respeito tremenda passam dias anos estudando vaga então chegar outro frente dizendo indicado aí vai	train
solução regularizar interinos devido fato metade concursados não vão assumir cartórios baixa renda	train
nao	train
inconstitucional	train
feito feito não pode questionar atos concretizados anos muitos oficiais ingressaram baseados leis estaduais não discutir	train
concordo pois muitos interino exerce melhor alguns concursados	train
não garante isonomia feito conchavos políticos	train
cartório não herança	train
projeto afronte democracia constituição federal 1988 estabeleceu concurso público forma provimento serventias vagas função pública serviços não podem ficar mãos apadrinhados políticos	train
afronta princípio eficiência burla regra concurso público permitindo pessoas não concursadas titulares cartório vergonha país deputado coragem apresentar proposta imoral indecentemente	train
vergonhoso flagrantemente inconstitucional fere moralidade impessoalidade inúmeros outros princípios retrocesso inaceitável	train
nenhum	train
acredito cartorário passa anos exercício não pode toda experienciará simplesmente jogado pra canto fim alguém totalmente inexperiente	train
trem alegria precisa impedido	train
pessoas hoje realizando forma correta trabalho não porque outro alguém fato passar concurso não sabe novo alguém irá realizar tarefas deveres serem cumpridos	train
pra rir	train
legalização grandes transtornos	train
tabelião interino toda trajetória anos anos trabalho conhecimento nada justo permanecer função efetivado	train
acho justo efetivação interinos pois vem longo anos desempenhando excelente trabalho	train
não pode concurso público órgão privado prática interinos substitutos fundamental condução cartório	train
nenhum	train
fazer justiça atuais responsáveis stf decidiu desvia dinheiro publico após 05 anos não devolver não falar descartar lixo dando suor serviço público décadas	train
absurdo jurídico inconstitucional imoral natimorta jurídica	train
totalmente inconstitucional visto fere estado democrático direito fere moralidade administrativa sabido interinos possuem nomeados títulos precários apenas manter continuidade serviços públicos	train
fere moralidade pública pois todos dependem aprovação concurso público	train
pec favorece apadrinhados políticos detrimento daqueles esforçam vaga mediante concurso público conforme preconizado cf forma corrupção deve banida vez	train
notória afronta moralidade pública	train
princípio continuidade serviços públicos evita cidades pequenas fiquem cartórios funções sociais	train
nenhum ponto positivo	train
trem alegria	train
questão justiça interinos seguram onda hoje	train
precisam finalizar votar favorável concurso pode sim existir apos todos anos ali dentro prestando serviço cartório pequenos não interessam concurseiros sim pec	train
baseada interesse particular	train
nenhum argumento favor verdadeiro enormes cartórios vagos interinos efetivados vergonha proposta congresso porque sofremos tanto moralizar país toda hora tentativa fuga concurso público	train
cartorio nao bem particular pra herdado	train
certeza concursados chegarem serventias deficitárias não vão querer assumir pois renda pouca trabalho feito amor interesse anos dedicando vidas ajudar pessoas	train
pessoas prestando serviço tanto tempo merecem efetivadas	train
melhor pessoas prepararem estudando então assumirem função tão importante pro país	train
proposta fere constituição federal princípio transparência meritocracia concurso público deve prevalecer	test
proposta imoral inconstitucional afronta todos princípios basilares administração pública	test
desde 1988 ingresso cartórios concurso público não retrocesso interinos podem prestar concurso público forma justa ingresso função pública concurso público	test
totalmente favorável pec não visa acabar concurso publico sim efetivar interinos cartórios após concurso não ocupados concursados goiás efetivação concurso 2015 muitos cartórios não escolhidos pois rentabilidade não interessante concurseiros porém independente disso trabalho continua desses respondentes merecem total respeito consideração país pois realizam excelente trabalho todo povo	test
não	test
previsão totalmente inconstitucional deve der exigido concurso público	test
segurança juridica garantindo direitos reservados antes constituição 88	test
reconhecer direitos pessoas passaram vida inteira serviço cartórios	test
pessoas precisam informarem sobre conteúdo nunca mencionado extinção concursos públicos apenas visa proteger pessoas tempo trabalhando nestas funções não podem simplesmente dispensadas funções descartáveis concurso continuaria acontecendo protege serventias deficitárias cidades pequenas poucos recursos difícil acesso coisa concursado nenhum quer	test
fere cf princípio isonomia quer registrador tabelião estude	test
pessoas capacitadas	test
pessoas dedicam anos prestando excelente serviço não podem simplesmente serem descartados	test
pessoas capacitadas dentro profissão ajuda bastante hora atendimento qualificados	test
chega concursados	test
inconstitucional imoral	test
deve estimulado concurso público atenção princípios constitucionais impessoalidade isonomia moralidade eficiência	test
vai entregar serviço público não fez concurso concursos andamento interessados preencher vagas prestando concurso	test
fere determinou realização concursos quebra princípio basilar republicano	test
proposta totalmente contra constituição federal	test
efetivar pessoas jamais mereceram onde estao	test
acabar vez apadrinhamentos políticos continuam constituição federal	test
justiça q dedicam anos atividade	test
cf aí desde 1988 tempo suficiente todos interinos estudarem passarem concurso fácil agora serem simplesmente efetivados flagrante inconstitucionalidade imoralidade falta isonomia	test
pec totalmente contrária princípios administração pública efetivação concurso público algo absurdo gera insegurança jurídica	test
inconstitucional	test
avanço atividade depende ingresso concurso pessoas passam concurso qualificadas estudando buscando avanços	test
respeito todos responsáveis substitutos dedicaram cartorários vida	test
inconstitucional imoral vergonhoso	test
fere constituição federal 1988 sobre realização concursos	test
milhares milhares pessoas todo brasil estudam anos anos décadas lograr êxito concurso público nada justo rejeição desta pec	test
concurso público forma ingresso nessa atividade pec busca efetivação não prestou concurso busca regularizar situação cartórios hereditários afronta sistema jurídico	test
verificamos violação diversos direitos fundamentais corremos risco verificar profissionais deixarem estudar aprimorar acomodar colocando risco inclusive eficiência serviço prestado cidadão segurança jurídica todos	test
proposta totalmente inconstitucional desde 1988 interinos sabiam deveriam deixar serventias	test
concurso necessário analisar conhecimentos técnicos delegatário ponto não gerarem danos estado cometerem fraudes costume não concursados	test
inconstitucional projeto visa beneficiar poucas determinadas pessoas influências cf prevê ingresso concurso população merece serviço qualidade prestado capacidade técnica tanto	test
inconstitucional passar stf vai derrubar	test
concordo pessoa responsável cargo cartorio exerce btabelião formado direito todas características exercer referido cargo justo assumir funçao definitivamente	test
absurda afronta constituição	test
proposta inconstitucional privilegio merito afronta	test
regularizará situação vários profissionais atuam profissão ha 20 anos	test
artigo 236 cláusula pétrea concurso público norma cogente não pode derrogada forma controlar boa prestação serviço público	test
estado democratico direito adotou republica deve prestigiar rigorosamente acesso cargo execicio função pública delegada através concurso publico reconhece mérito critério legitimador	test
fere necessidade provimento mediante concurso público conforme disposição expressa cf consubstanciando autêntico trem alegria substitutos atualmente responsáveis serventias	test
cargo 20 30 anos plenamente preparados continuarem prestar bons serviços população questão interesse público justificado	test
u medida patrimonialista clientelista casuística defesa interesse público secundário tão comum últimos tempos	test
ofende princípios constitucionais administração pública vai contra diversos entendimentos stf	test
muitos notórios não adaptam bem cidade escolhida cartórios ficam sempre entrando reescolha população sofre consequências melhor aprovar permanência daqueles realmente empenados entregar serviço população	test
questão justiça experiência manda demais boa prestação serviço	test
trará edtabilidade funcionários conhecimento enorme sendo serviço prestado eficiente	test
matéria inconstitucional burla concurso público favorecer pequena parcela amigos rei	test
burla obrigatoriedade realizar concurso público beneficiando pessoas indicadas prejudicando qualidade eficiência moralidade prestação serviço público	test
afronta princípios previstos constituição federal especialmente isonomia eficiência medida apenas concurso público hábil melhor seleção candidatos igualdade condições	test
inconstitucional	test
fere princípios administração pública principalmente isonomia impessoalidade	test
vergonha constituição exige concurso público desmoralização camara deputados	test
totalmente favor pec pois interinos dedicaram vida frente trabalhos cartório possuem vasta experiência atividade sim pec sim direito interino	test
imoral	test
interinos vem prestando ótimo trabalho mantendo segurança jurídica contar anos frente serventias respondendo aonde estado omisso não realizou concurso lei manda	test
respeito todos responsáveis substitutos dedicam trabalho cartorário décadas	test
vergonha legislativo probo não aprovaria escárnio concurso público projeto admite trocas cartório esquenta situações criticadas nunca devem permitidas país	test
viola constituição moralidade meritocracia	test
simplesmente fazer justiça décadas doam prol prestação desses serviços públicos efetivados dedicação amor zelo devotados favor serviços sociedade servido	test
efetiva concurso diversos interinos meritocracia deixada lado retorna tempo apenas amigos rei ocupavam posições relevantes sociedade	test
regra constitucional concurso público concurso aberto todos interinos podem estudar passar tornar titulares necessidade mudanças regras	test
inconstitucional fere principios impessoalidade fulmina meritocracia meio concursos publicos	test
nada justo interinos trabalharam vida toda cartorios principalmente todos completaram época requisitos solicitados	test
favor pec 471 pois visa combater subdelegações abandono cartório famosas rachadinhas feitas alguns concursados passam concurso não botam pés dentro cartório vivem povoando vários estados brasileiros práticas	test
interior interinos trabalham amor profissão sempre facilitando vida população concurseiro nenhum disposto ganhar pouco	test
proposta claramente contraria interesses publicos principios administração pública especialmente principio moralidade isonomia	test
pec volta selecionados escuras tribunais volta cartório pai filho chega admirar vossas excelências congresso nacional	test
não injustos pessoas capacitadas lá vários anos	test
concurso concurso não importa decurso tempo	test
serventias ficam vagas interinos permanecem tempo todo pois inexplicavelmente não realizados concursos fica fácil burlar constituição ficam inertes cumprir determina carta magna fazem emenda sob justificativa não cumprido vamos legalizar ilegalidade outra questão falar vai deixar desamparados interino experiências não justificativa pois sabem interinos dia sair	test
titularidade cartórios deve preenchida através concurso público não hereditariedade distancia critérios técnicos objetivos tão prezados administração pública serviço público geral	test
aprovada vai morrer ação direta inconstitucionalidade	test
não concurso alguns estados porque beneficiados omissão forçam tal situação vide alagoas onde toda comissão concurso declarou suspeita obrigando cnj recrutar juízes outros estados	test
pessoa responsável cargo exerce tabelião formado direito todas características cartório exigir justo assumir funçao definitivamente	test
descumprimentonda cf tange necessidade concurso público efetivação cargo concurso público meio justo democrático assegurar exercício cargo tamanha relevância	test
pec corrupção corrupto pode apoiar pec contraria tudo cnj stf construíram longo anos quanto necessidade concurso público ingressar cartórios	test
efetivação concurso público substitutos temporários serviços notariais registros públicos violação princípios moralidade isonomia concurso público inerentes república inconstitucionalidade manifesta	test
obrigatório ingresso atividade concurso público provas título não corporativismo	test
fará jus 39 anos cartório interior ninguém vai querer ficar simplesmente espera maior	test
fazer justiça interinos anos dedicam vossa vida trabalho cartorário amor dedicação	test
não	test
perpetuação coronelismo notarial parentes detém poder sempre privilegiados detrimento competência preparo técnico	test
injusto desleal inconstitucional covardia passam anos estudando cf exige concurso público chega padrinhos amigos indicações chega hereditáriedade nepotismo	test
segurança juridica garantindo direitos reservados antes constituição 88 trabalha dedicou vida toda cartorios atualmente sendo despejados apoio	test
reconhecimento àqueles tempo vem dedicando prestação serviços indispensáveis sociedade	test
total absoluto retrocesso país perde população pois interno maior parte não modernizam gestão possuem conhecimento adequados realização serviço	test
flagrante inconstitucionalidade	test
todos pontos sao negativos efetivar pessoas concurso nunca bom	test
concurso público forma democrática acesso titularidade serventias extrajudiciais pec imoral inconstitucional não podemos permitir violação constituição federal 1988	test
serventuário poderá assumir serventia forma justa através concurso	test
interinos 10 anos cartórios contrariando constituição federal exige concurso 6 meses ainda não aprenderam sentido tempo passado h	test
eivada inconstitucionalidade pois fere direito constitucional necessidade concurso público receber delegação serviços notariais art 236 além desarmonia democracia	val
muitos interinos lá trabalhando arduamente todos dias muitos concursados mal pisam cartório deixam mão substituto	val
maioria concursados não ficam definitivamente localidade onde assumem maioria serventias vagas localidades distantes ficam tempo apenas abandonam fato	val
fere constituição federal estado democrático direito	val
comentários	val
pessoas doaram vida inteira faça contas 1988 cá pessoas totalmente dedicadas concurso ter sido momento não deixar situação arrastando anos fio vivem disso então justo tornarem efetivos	val
bom trabalho vem desempenhando	val
inconstitucional injusto imoral	val
flagrantemente inconstitucional fere princípios basilares doutrinas leis completa aberração jurídica único intuito propagar injustiças distribuindo serventias justo merecimento diram milhares pessoas dedicaram fazer concursos	val
nenhum	val
fazendo justiça trabalhadores exerceram profissão digna honesta vendo trabalho vida inteira respeito devoção	val
justiça delegatários substitutos dedicam anos atividade notarial registral direitos reconhecidos trabalho exercido classe	val
absurdo anacronismo perante ordenamento jurídico atividade técnica exige profissional qualificado	val
fere princípio concurso público permite dar oportunidades iguais todos efetiva pessoas indicadas função pública detrimento daqueles esforçam meio estudos dedicação alcançar delegação concurso	val
interessante ingresso através concurso público	val
antes constituição obrigatório concurso cumprir constituição interinos inclusive dez anos inclusive benefício poder prestar concurso formado direito	val
inconstitucional imoral tentar tirar obrigatoriedade concursos beneficiar amigos juízes indicados anteriormente assumir cartório vago remoção antigo titular retrocesso democrático	val
irá tirar sustento família pois quase 40 anos serviço idade não sei fazer outra coisa	val
não	val
acho justo efetivação interinos pois conheço interinos 36 anos cartorio vida merece estabilidade	val
justiça interinos realizam serviços diversos impedimentos não oficial funcionários ajudando estabilidade mesmos precisar alterar ctps frequência	val
pec jeitinho brasileiro interinos querendo efetivados concurso público	val
afronta constituição federal absurdo pec	val
tratando serviços compulsórios equivalentes serviços públicos hereditariedade descabida república	val
retrocesso incompatível espera estado social democrático direito século xxi	val
trem alegria absurdo chance passar concurso aberta todos querem entrar porta trás tão bem preparados tantos anos atividade não conseguem superar concorrência	val
princípio impessoalidade afronta reconhecer pessoas não entraram meio concurso atividade necessidade segurança jurídica	val
pra tabelião amigo deputado complicado país quer sair corrupção querem fazer leis auto favorecer	val
concursados passam outros concursos abandonam	val
nao sim pra pec muitos cartorios pequenos vai fechar concurseiros so querem cartorios grandes vai pra pequenos nao renda deixam alguem lugar desistem cartorio	val
nenhum	val
fere regra ouro concurso público	val
pec beneficia apadrinhados ganharam cartório mãos beijadas concurso público	val
caminho contrário supressão concursos públicos retrocesso precedentes	val
acho pessoas querem entrar parabéns porém não pesam modo algum interinos dedicaram vidas lá capacidade	val
vergonha pec fere preceitos fundamentais democracia cf	val
cartório concurso público	val
nenhum	val
país democrático brasil função pública deve entregue eleitos vontade popular aprovados concurso público qualquer outra medida contrária mandamentos fere mortalmente constituição federal lei máxima país	val
continua trabalho nênega	val
afronta democracia ofende constituição 1988	val
pontos negativos	val
não	val
proposto emenda constituição envergonha sociedade brasileira serviços notariais registro devem providos através concurso público meritocracia	val
privatização serviços notariais registro respeitou direitos daqueles haviam feito concurso agora exercendo função forma privada forma art 32 adct constituição federal 88	val
justiça interinos evitar cartórios deficitários fechados	val
notado despreparo assumiu serventias através concursos públicos não avaliam especificamente sobre oficio colocando pessoas despreparadas gerando transtornos população	val
serviço funciona bem alguns municípios deficitários serviço continuaria pois concurseiro não assume cartórios renda	val
muitos fizeram concurso assumiram cartórios importantes interinos perderam cartório pec aprovada entrarão justiça reaver cartório perdido	val
inconstitucional	val
concurso público livre acesso funções públicas fim apadrinhamento político voto contra pec 471	val
merecem ficar pois luta tempo anos dedicação	val
afronta constituição moral simples fato desta aberração votação vergonha câmara povo brasileiro	val
faz justiça àqueles encontram empossados vácuo regulamentação inércia legislativa	val
não devemos retroceder	val
cria quimera jurídica valida usucapião função falta técnica ofensa cláusula pétrea serviços cartoriais não domínio não atribuições únicas estrutura pública não suscetível apropriação	val
totalmente inconstitucional afronte constituição federal	val
absurdo trem alegria afronta total moralidade isonomia legalidade	val
fere diretamente princípios administração pública beneficiando pessoas não fizeram concursos públicos manterem serventias vai contramão toda doutrina jurisprudência	val
ótimo trabalho vem sendo prestado sociedade	val
fere constituição federal além privilegiar não efetivamente concorreram estudaram fazer concurso público verdadeiro trem alegria explora irregularmente instituições cartorárias brasil principalmente arrecadam	val
lei regularizará situação interinos argo 30 anos	val
preservar direito pessoas exercendo profissão forma regular desde antes lei fexeral regulamentou profissão questão justiça	val
pois possuem anos anos experiência pessoas dedicaram dedica vida serventia nada justo efetivação	val
pessoas dedicadas vivem função cumpre todas responsabilidades	val
não justificativa plausível convalidação interinos titulares serventias notariais registrais concedendo fé pública àqueles sequer aprovados concurso público perpetuando insegurança jurídica favorecendo pessoas determinadas	val
ocupação cargo público pode concurso cidade cambuquira mg menos 15mil habitantes cartorários concursado falar cidade pequena não interesse concursado maior mentira mundo	val
previsão constitucional concurso	val
efetivação demonstrará bagunça brasil muita farra nesse país assim projeto abuso autoridade brasil sempre querem transformar errado certo país precisa vergonha cara	val
não apadrinhamento sim concurso público	val
cartório não herança cartório concurso	val
desconformidade constituição república legalizando situação diversos nomeados modo irregular exercício função desvalorização classe	val
justiça prestou concurso assim roubado titularidade	val
acredito cartorário passa anos exercício não pode toda experienciará simplesmente jogado pra canto fim alguém totalmente inexperiente	val
legalização abuso parte membros judiciário indicam pessoas ocupar serventias muitas vezes benefício próprio	val
inconstitucional imoral quer delegatório estude passe concurso	val
brincadeira povo brasileiro tapa cara sociedade interino não fez concurso não pode efetivado função pública definitivamente simples assim	val
cartórios não podem perpetuarem mão algumas famílias devem ir concurso reciclagem melhora contínua serviços prestados vamos respeitar carta magna país	val
inconstitucional ingresso serviço público dá mediante concurso público ferindo princípio constitucional isonomia além princípios administrativos impessoalidade moralidade	val
inconstitucional pois afronta principios democracia impessoalidade quais fundamentam concurso público	val
inconstitucional necessidade concurso público	val
viola constituição	val
direitos iguais pessoas estudando pra passar concurso aí zé bonitinho q acomodado rouba vaga não justo	val
profissionais despreparados assumindo cartórios trazendo insegurança registros	val
nada justo interinos vem prestando serviço sério justo qualidade permaneça cargo aprovação dessa pec sinônimo justiça inúmeros cidadãos pais mães família prestam serviço excelência	val
comprometimento experiência registro trabalho eficaz durante décadas	val
injusto não aprovada sempre sofreu serventia baixa renda manteve firme forte pois não administrou serventia dinheiro sim dedicação profissão	val
concurso profissional altamente capacitado	val
concurso público forma democrática acesso titularidade serventias extrajudiciais pec imoral inconstitucional	val
pec finalidade apenas forma apadrinhar favorecidos governo fere princípios constituição	val
concordo tabelião responsável cartório formado direito preenche todos requisitos cargo requer	val
referida pec fere previsão constitucional concurso público provas títulos interinos cartórios conhecimento situação precária titularidade assim não faz sentido pec afronta princípios democráticos constituição federal 1988	val
nítido interesse pessoal total afronta exige prévio concurso público provas títulos querem estabilizar interinos prestar concurso absurdo	val
valorizar prática adquiriu conhecimentos desempenhar melhor trabalho	val
31	val
