estado não provê segurança deixe população defender permitido porte posse armas pessoas bem	train
direito legitima defesa	train
atiradores desportivos necessitam dessa regulamentação proteção equipamentos desportivos bem eventuais tentativas roubo posse desses	train
porte funcional cac	train
flexibilização maior acesso armas fogo não resultará maior segurança contrário gerará violência mortes	train
legitima defesa direito cidadão visto ineficiência incompetência inoperância estado	train
lei altera pontos significativos ajudarão	train
poder praticar esporte tanto amamos menos burocracia segurança	train
direito defesa pessoal policia não onipresente	train
direito cidadão bem defesa família ninguém vai comprar arma legalmente cometer crime	train
nao existe ponto negativo	train
respeita competências poderes vai encontro anseios cidadãos honestos dispostos cumprir exigências lei poderem possuir portar armas contrário existe hoje muitos portam armas ilícitas conhecimento autoridades	train
liberar porte ter rigor fazer teste uso drogas bebidas igual motoristas pena ter porte aprontar deve dura	train
direito exercício instituto jurídico legítima defesa além consistir direito vida liberdade cidadão	train
devolve direito constitucional natural população atende requisitos legais defesa visto falta capacidade estatal presente todos locais situações	train
direito natural seguranca cidadao familia estado nao pode onipresente	train
direitos porte armas cacs	train
restrições desnecessárias vernáculo mal empregado necessário clareza emendas aumentam restrição	train
preservação instituo legítima defesa liberdade	train
segurança residencial direito legítima defesa	train
liberdade escolha população sobre direito natural defesa	train
direito	train
faltou advogados	train
ainda facilita determinadas categorias quesito republicano liberar todos aptos interessados independente profissão	train
retomar liberdade cidadão sério honesto poder ter posse arma fogo legal	train
direito defesa caso opte	train
simplesmente não existe possibilidade ter policial 24 horas lado cada cidadão bem brasileiro sendo assim certeza todo cidadão bem deve ter direito proteger forma bem entender inclui posse porte arma fogo	train
jogo feio aliados governo eleito bandeira cac direito porte justificativa demora jogo feio não aliados tempo pensar população todo prendem disputas pessoais partidárias	train
negativo tá demorando pra pautar aprovar demorô	train
direito defesa	train
ainda não suficiente garantir direito pessoas bem defenderem	train
garante direitos alguns desses direitos constavam lei porém nunca postos prática	train
restringe porte arma necessário incluir outras categorias tal advogados	train
esclarece forma simples rápida diversos conceitos levado prisões ilegais durante últimos anos	train
devolve parte direito individual previsto constituição cidadão brasileiro nada poder defender	train
devolve direito natural fundamental portar arma fogo defesa vida	train
direito defender	train
bom lúcido	train
vontade povo	train
libera armamento pesado civis	train
eua bom exemplo pessoas armas liberadas gera grandes tragédias pessoas totalmente emocionais momentos estresse fazem besteiras	train
prevalece vontade maioria concede cidadão direito defender vida todos meios necessários	train
violência gera violência dep devem preocupar gerar inclusão social ir origem problema contraditório pessoas cristãs defenderam violência	train
projeto lei desobriga polícias forças armadas comprarem munições marcação lote interessa dificultar identificação munição	train
restrições acesso limitações absurdas cidadão apenas queira exercer direito proteger	train
ainda sim contem restrições quanto quantidades categorias projeto liberal armas fogo não deve conter quantidades órgãos reguladores distinção calibres categorias podem não portar talvez comprovar capacidade uso antecedentes aceitável restringir pode não ter portar categorias discriminação	train
guando vir presidente desarmamentista mudo tudo	train
porém deve bem analisado poderá ter arma incluindo exigência psicólogo análise pessoa condições ter arma	train
porte atirador somente 2 anos absurdo	train
legitima defesa reconhecimento direitos fundamentais direito vida legítima defesa	train
conceder porte arma população crime povo precisa educação investir escolas livros faculdades colegiais profissionalizantes livros vez arma	train
devolve cidadão direito constitucional legitima defesa portedearmasim	train
direito defesa	train
não sido feito antes podendo evitar muitas atrocidades	train
finalmente regulamentando defesa acervo cac	train
quero ter direito proteger família propriedade tanto urbana quanto rural	train
regulamenta tudo posse porte arma fogo brasil ponto totalmente positivo contra qualquer tipo crime	train
lei define atiradores desportivos categoria direito porte federal queremos direito	train
nenhum	train
democracia permite direito escolha cidadão bem poder portar arma	train
dessa forma cac maior flexibilidade prática tiro desportivo porte facilita locomoção	train
tudo vai ficar bem claro lei	train
garantia direitos fundamentais	train
estado não condições proteger direito resguardar vida	train
direito defender família atiradores desportivos alvo crime organizado não entreguem bandeja criminosos	train
direito constitucional vida garantias afins amparados meio desta medida adotada milênios povos cultos quais deve imitar comportamento jesus	train
cidadão manifestou quer quer direito legítima defesa	train
dá cidadão bem possibilidade defender si família bens	train
cidadão poder assegurar defesa família dentro rigor lei	train
direito proteção vida garantido conforme cf88	train
lei define atiradores desportivos categoria direito porte federal queremos direito não favor queremos direito legitima defesa	train
liberação porte armas cac	train
direito cidadão desejo população	train
não incluiu advogados	train
deveria tratar sobre porte arma pode ameaçar rica fauna silvestre país estimular caça precisa revista	train
lei somente marginais podem andar armados dias atuais	train
cidadão poderá ter direito defesa hora fato onde estado acionado posterior ato consumado	train
não arma destinada legitima defesa cidadão bem comete crime coloca população risco arma ilegal deve combatida precisamos ter volta direito legítima defesa armada	train
todos devem ter direito escolher comprar não arma fogo bem carro escolha compra deve cidadão	train
cidadão bem direito escolha	train
arma legalizada sendo portada fácil definir irregularidade pessoas desejam arma fazer baderna treinamento responsabilidade vida não compra arma legal vai continuar não comprando pois arma ilegal sinônimo anonimato	train
faltou inserir atividades profissionais sujeitas presunção necessidade tais caminhoneiros advogados jornalistas etc	train
direito natural todo humano defesa	train
autodefesa	train
idade minima 21 anos 25 porte entendo idade alguns requisito passagem avalicao psicólogo treino apito usar não prudente correto ter registro 25 anos porte 30anos passando requisitos citados	train
direito cidadão dever nação sempre quisemos continuar armas legais então devolvam nunca queríamos deixar ter arma legal	train
direito defesa respeito plebiscito realizado	train
poderia prever exame toxicológico anual cidadão bem não droga liberação armas calibre 45 9mm	train
oportunidade pessoas aprenderem utilizar armas maneira responsável domínio tecnico mesmas	train
garante direito inalienável cidadão garantir segurança família propriedade dá outras providências	train
dará direito fazem parte segurança pública ter porte arma	train
direito legítima defesa lar sagrado	train
favor direito defender porém devemos dar passo cada vez não vejo problema desde regido cuidados radicais não assumam controle tempo validar direito cidadão segurança pessoal conforme constituição deve inviolável	train
quero direito escolher ter não arma fogo simples assim	train
restitui direito legítima defesa bandido não segue leis	train
direito legitima defesa cidadão interesse defender familia propriedade	train
defesa devido trabalhar produtos químicos controlados pf morra zona rural	train
desarmamento não funcionou vide pesquisas relacionadas direito cidadão exercer legítima defesa conta constituição brasileira	train
devolve direito então negligenciado pf pois constava estatuto desarmamento direito porte	train
direito legítima defesa	train
direito legítima defesa fazer cometa crimes pensar 2 vezes antes cometar ato medo nunca saber vítima estará armada	train
vigilantes cidadãos bem queiram adequar requisitos necessários obter porte necessitam urgentemente obter acesso armas porque criminalidade níveis horrorosos então aprovem logo chega hipocrisia amor deus	train
faltou abranger ex policiais militares saíram desejo próprio ficha limpa	train
não resolve problema segurança pública quanto armas violência	train
todo cidadão direito defesa lógico ter critérios avaliação	train
pl deveria abrangente todos cidadão contém registro sinarm outros orgãos	train
proteção bens família	train
porte arma parte essencial direito defesa todo humano detém lei importante passo regularização desse direito	train
direito legítima defesa cidadão bem	train
disposição sobre obrigatoriedade cr levaria tese proibição competições internacionais traz penas exageradas posse porte ilegal	train
defesa pessoal	train
armas posse porte critérios justos cidadãos bem direito defesa vida família	train
direito defesa vida patrimônio pois estado sabemos não onipresente violência batendo porta países desenvolvidos liberdade apoia cidadão bem inclusive nessa questão tange pl 3723	train
valorizacao reconhecimento direito defesa cidadao bem merito atiradores esportivos	train
direito inerente cidadão cumprir todos requisitos exigidos	train
advogados devem tratados isonomia devem ter direito porte assim juizes defensores públicos etc	train
direito legítima defesa	train
liberdade querem ter meios defender própria vida entes queridos	train
100 favor porte	train
efetiva necessidade somente profissões risco somente agentes segurança órgãos específicos serviço público	train
atende alguns pontos aprovados plebiscito 2005 agora ignorado políticos oficiais justiça exercem atividade risco porte arma categoria importante efetivação prestação jurisdicional	train
direto defesa cidadão brasileiro	train
cidadão comum dia vida privada direito defender bem defender família ma opinião decreto revogado supria tomara lei aprovado rapidamente	train
não aprovação ainda	train
reconhecimento direito porte funcional diversas categorias relacionadas persecução criminal	train
infelizmente não atende democraticamente maioria favor flexível cidadão comum	train
passo pequeno diante necessidade proteção individual cidadão bem forças policiais infelizmente não disponíveis todo tempo todos lugares precisamos exercer direito proteção individual legítima defesa igual força proporção	train
direito vida garantia constitucional garantir direito presente cenário necessidade auto tutela falar referendo população deve respeitado	train
cidadãos vigilantes arriscam serviços	train
cidadão bem direito proteger	train
permitir direito defesa cidadão	train
relação porte cidadão bem deveria direito não privilégio	train
muitas alterações texto original contrariando vontade popular votou bolsonaro promessa campanha revogação estatuto desarmamento proposta atual bem aquem daquilo maioria povo almeja	train
direito defesa	train
direito fundamental direitos todos segurança bem maior defesa vida	train
pessoas confundem posse porte arma todo militar ffaa autorização posse porte embora envolvidos atualmente confrontos marginais assim policiais	train
saber usar portar arma protegesse alguém nenhum policial segurança morreriam serviço	train
direito defesa pessoal	train
poder adquirir armas poder manter família patrimônio seguros	train
todos cidadãos bem comprem arma haverá dúvida bandido pessoa arma não pode contribuir pra diminuir covardia q eh hoje pois bandidos certeza q população desarmada	train
agentes transito não contemplados porte apesar fazerem parte artigo 144 constituição federal	train
faltou incluir advogados direitos iguais juiz promotores não havendo hierarquia conforme dispõe artigo 6º lei	train
devolve liberdade povo brasileiro deseja ter arma defender si família patrimonio liberdade confirmada plebiscito 2005 onde 65 votaram liberdade armas fogo	train
flexibilidade aquisição indiciado processo penal inexigência curso capacitação	train
lei deveria tratar amplo porte	train
alguem olhando cidadão bem	train
difícil parlamentares entenderem vez todas cidadãos querem liberdade plena nenhuma distinção classes cidadãos	train
vontade povo demonstrada referendo	train
nenhum apoio integralmente	train
todos pontos negativos	train
faltou incluir advogados direitos iguais juiz promotores não havendo hierarquia conforme dispõe artigo 6º lei estatuto advocacia	train
todo cidadão bem ter direito defender si familiares outros hoje vejo bandidos arma armas nenhuma lei vai impedir	train
quero direito defesa	train
relator retira abrangência porte retira possibilidade poder executivo manejar via decreto velha política sendo feita desrespeito cidadão bem	train
direito defende direito armas usamos tiro esportivo lazer caça animais liberado ibama	train
senhores vigilantes escolta armada protegem bens dentro caminhão hora ir embora nao podem ter porte proteger	train
direito defesa previsto constituição federal	train
acabar declaração efetiva necessidade sabe necessidade cidadão jamais governo	train
polícia não pode defende toda população	train
poder defende tempo polícia chega	train
direito cidadão defender nunca devia ter sido tirado	train
facilita cidadão exercer direito defesa	train
porte armas cacs consta lei desde 2003 não regulamentado pf vem através ato discricionário negando portes cidadões possuem habilidades muitos treinam policiais	train
devolve direito quero voltar poder defender sim legítima defesa	train
liberdade escolha ter não arma fogo	train
direito defesa individual integridade física família legítima defesa terceiros porque segurança pública defasada atual lei abuso autoridade contra autoridades policiais	train
respeitar direito natural cidadão defender estando frente perigo iminente	train
princípio liberdade acesso armas todo cidadão bem ter direito	train
faltou inclusão auditores fiscais estados municípios inciso x art 6º pois submetidos mesmos riscos auditores federais realização missões	train
advogada criminalista impressionada animação pessoas perigosas preenchem requisitos formais acesso facilitação compra armas cuidado	train
justo agentes socioeducativos segurança pública correm mesmos riscos agentes prisionais	train
retira porte arma agentes fiscalização ambiental não deixam claro quais espécies podem abatidas podendo incluídas silvestres torna autorização controle fiscalização caça atividade exclusiva exército excluindo órgãos ambientais	train
alguém capacitado conforme regras porte arma fogo necessitar porte arma fogo auto defesa poderá telo	train
visão ampla povo precisa reeducado aquisição tal poder armar cidadão não aumenta segurança sim índice nacional homicídios	train
restaura direito cidadão bem defender família propriedade	train
possibilita legítima defesa vai encontro soberania popular representando vontade povo brasileiro	train
direito defesa bens família	train
direito legítima defesa acesso armas conhecimento sobre	train
clareza texto original reconhece direitos fundamentais permite acesso armas cidadão cumpre lei evita judicialização termos dúbios norma atual	train
tirando direito lei aguardando apenas regulamentação faz leitura l13502 claro artigo 6º direito porte armas excelências não cerceiem direito cac favor razoáveis passamos testes muitas vezes rigorosos concurso público ainda assim tiram direito deveria garantido ajudem	train
natureza brasil sendo devastada muitas espécies caçadas caça proibida projeto parágrafo permite caça animais sequer citar quais espécies abre possibilidade caçar animais risco extinção	train
falta inclusão advogados art 6o	train
faltou empresarios	train
embora defenda direito porte armas todo qualquer cidadão cumpra requisitos lei primeiro passo	train
direto defesa não podemos morrer ovelhas	train
cidadão bem direito defender proteger família patrimônio estado não onipresente não pode proteger todos cac bem treinado pode ajudar	train
corruptos medo população bem armarem não conseguirem continuar explorando país	train
direito legítima defesa	train
importantíssimo regulamentar lei desarmamento não aceitaram decreto vai lei fundamental exercício livre arbítrio quero defender	train
sim ampliação sim legitima defesa sim direito natural so acho manter 25 maximo 23 anos	train
direito defesa sagrado	train
atende direito povo	train
direto defesa cidadão bem direto constitucional brasil sendo desrespeitado aprovar urgente atender vontade esmagadora população brasileira	train
não inclui advogado deveria ter porte funcional assim membros magistratura membros ministério público isonomia falta interesse oab neste sentido	train
devolve cidadão direito legitima defesa	train
direito legítima defesa família	train
cidadão bem direito defender não desarmando população bem país vai diminuir violência urbana	train
importante trata integridade vida humana	train
todo mundo direito defesa polícia não lado toda hora dinheiro contratação segurança particular	train
devolva direito roubado pt defender bandidos	train
concordo totalmente pois cidadão direito defender ainda criminalidade atual fruto politica desarmamentista legitima defesa aspecto essencial palavra	train
liberdade cidadão adquirir arma fogo defesa pessoal patrimônio	train
retirada marcacao municao eh certeza interesse malfeitores nao querem ver crimes resolvidos	train
direito cidadão escolha porta não arma fogo	train
vem encontro anseios poder judiciário união propiciar integrantes força segurança melhores condições exercer atividade acontece relação outros poderes	train
contra porte armas fogo colocar armas ruas vai aumentar insegurança	train
todos direito defender	train
regulamentação porte armas cacs	train
segurança	train
cidadão bem armado vagabundo procura emprego morre d fome	train
merecíamos pl amplo enquanto concordo pai família ter direito	train
retomar liberdade cidadão sério honesto poder ter posse arma fogo legal	train
confirma direito cidadao defender familia patrimonio	train
comigo todo cidadão si enquadrar requisitos portar arma habilitação dirigir ci cidadão não capacidade reprovado ponto vista	train
cidadão bem direito defender	train
nenhum	train
todos direito defender família bens	train
vai sanar vez todas direito porte arma cidadão bem cac pois todos direito defender vidas família patrimônio	train
retirar efetiva necessidade	train
totalmente favorável direito aquisição contra senso proibir uso produto fabricado país não poder adquirir então não existe necessidade manter país fábricas armas munições proibindo fabricação	train
deixar população ter armas vai voltar normal compra precisar gostar mexeram quieto avisei 2015 dia candidato coragem defender direito ter armas eleito bolsonaro coragem	train
papel segurança pública andar armada não pode assunto deliberado presidente precisa amplo debate	train
ainda restringe capacidade defesa cidadão	train
liberar porte direito legítima defesa estado não onipresente	train
atende anseio população deseja porte arma	train
todo cidadao direito defesa	train
incluído servidores judiciário comissários vara infância juventude oficiais judiciarios oficiais justiça pois todos fazem trabalhos alta periculosida	train
todos teêm direito defender	train
desarmar bandidos	train
ponto positivo diminuição 21 anos vários seguranças agentes nesta área tanto particular público utilizam armas fogo tal idade querem ter posse arma nome atualmente não conseguem	train
direito defesa pois estado não onipresente	train
atende desejo povo chance cidadão bem proteger contra bandidagem incapacidade onipresença estado todos lugares momentos armas salvam vidas	train
direito defesa cidadão bem respeito população decidiu referendo corruptos	train
direito legítima defesa porte cacs	train
leis ineficazes	train
alteração estatuto desarmamento desejo população assim pl3723 vai encontro anseios povo	train
devolver cidadãos direito defesa	train
respeitar direito quer possuir manter armas inclusão advogados outras categorias burocracia cacs	train
vigilantes privados municipais defendem patrimônios bens valores pessoas tiraram	train
permitir direito defesa cidadão	train
vai contribuir esporte segurança pessoal cidadao bem atirador	train
todo humano direito defesa	train
apenas queremos legalidade direito buscar defesa constitucional	train
reconhecimento direitos liberdade cidadão bem	train
impossível estado prover legitima defesa cidadão brasileiro	train
retirada pl 3723 autoridade presidente republica decretar porte armas outras categorias	train
concordo plenamente porte arma cidadão bem pois decidido plebicito	train
projeto ainda tímido principalmente relação cac gcms	train
vigilantes queremos porte armas garantido partir 21 anos pois podemos atuar armado 21 anos não podemos ter propria arma defender	train
estatuto desarmamento art 6º inciso ix concede porte armas integrantes entidades desporto legalmente constituídas cac faltando apenas regulamentação pl oportunamente vem sanar omissão administração	train
considero negativo trecho onde menciona não necessidade exames psicológicos capacidade manuseio armas	train
liberdade cidadão sendo respeitada	train
direito consumidor	train
falta exigir artigo 10 ato denegatório porte ato vinculado	train
autonomia cada cidadão bem possua bons antecedentes não respondendo processo crime ter livre escolha possuir não arma defender família patrimônio	train
ampliação porte facilitação compra posse porte cac	train
ofeŕece cidado bem chance defesa	train
legítima defesa direito constitucional cidadão	train
retirar efetiva necessidade	train
não existem pontos negativos	train
restabelece direito defesa pessoa comum	train
direito todo cidadão bem defender vida família propriedade estado não onipresente favor posse arma residencial	train
poder ter garantido direito defesa si família	train
ainda restrições pra pratica esporte verdade invés alterar lei deveriam	train
lei permite todo cidadão bem direito defender malfeitores sinal andam armados ilegalmente	train
falta porte arma agentes segurança socioeducativo trabalham bamdidos diz adolescentes	train
porte deveria geral irrestrito	train
ainda projeto extremamente desarmamentista faz limitações sentido não coloca estado servir cidadão contrário	train
faz cumprir lei previa desde 2033 artigo 6 inciso iv lei	train
garante defesa dobpovo bem portar arma importante casa ninguém pode furtada	train
cidadãos bem deve ter livre arbítrio ter arma defesa patrimônio segurança pessoal familiares	train
parece ainda estao impondo dificuldades porte deveria direito nao excessao peco revejam questao	train
aprovação integral assim vontade maioria respeitada direto legítima estado eficiente segurança pública	train
segurança população criminosos medo entrar residência	train
categorias atividades poderiam incluídas projeto lei exemplo motoristas aplicativo transporte taxistas expediente noturno	train
ampliação porte categoria oficiais justiça avaliadores vez trata cargo contato direto atividades risco tendo muita semelhança carreiras autorizadas estatuto desarmamento	train
porte funcional cacs	train
nenhum	train
legítima defesa direito todo cidadão	train
garantia cidadãos honestos trabalhadores direito legítima defesa família propriedade inclusive votamos	train
todo cidadão direito legitima defesa estado unipresente	train
direito cidadão defender vez estado não onipresente assunto segurança pública	train
acordo desde atenda todos requisitos não feri nenhum principio legitima defesa	train
02 anos cr pros atiradores terem direito porte melhor 01 ano	train
desrespeito vida cidadão pagador impostos precisa ter direito escolha classe politica não semi deuses desrespeitar escolhas sociedade	train
apesar prestigiar poucas categorias avanço caminho liberdade segurança parlamentares querem reeleitos devem votar favor pois povo olho	train
direito defesa agentes segurança socioeducativos lidam jovens 21 anos idade ameaçados morte precisam defender família si próprios	train
vida bem maior todos deve todas formas autodefesa embora constitucionalmente previsto transcende própria constituição cujo objetivo precípuo aliás própria vida	train
direito natural autodefesa pessoas habilitadas manuseio arma fogo	train
direito constituição cidadão poder defender família	train
bíblia garante direito defesa	train
cac cidadãos bem comprovadamente idôneos meio certidões capacitados tecnicamente manusearem arma fogo maioria possuem preparo muitos policiais não pode tolhida liberdade escolha portar arma fogo	train
paridade advogados juízes promotores	train
direito legítima defesa	train
direto defesa	train
demora votação sendo maioria cidadãos brasileiros favor situação poderá comprovado urnas	train
todos devemos ter direito defender lei rigida uso indevido tira cac indefinição porte gt	train
direito cac portar arma ja previsto lei	train
faltou relator corrigir texto pois acata emenda deputado sanderson elaboração texto coloca texto não condiz texto emenda 14 deputado sanderson precisa correção	train
defesa cidadão bem especialmente zona rfural	train
necessário cidadão direito legítima defesa	train
números acidente arma fogo aumentará devido flexibilização comercio facilitação compra	train
estatuto desarmamento art 6º inciso ix concede porte armas integrantes entidades desporto legalmente constituídas cac faltando apenas regulamentação	train
profissionais d segurança ñ deveriam ter q enfrentar burocracia nenhuma pra comprar armas	train
direito defesa constitucional qualquer democracia	train
facilita acesso armas civis aumentando risco mortes acidentais	train
favorecimento caça consequente empobrecimento biodiversidade ameaça sistemas naturais fundamentais renovação recursos primários qualquer produção	train
acesso armas legais direito inalienável cidadão cumpridor deveres leis precisamos critérios objetivos não podemos concordar termos direito tutelado vontade delegado polícia federal	train
aumentar segurança jurídica regular lei aspectos hoje regulados decretos portarias	train
direito garantido lei todo cidadão bem direito defender sentir seguro	train
direito defender	train
muitas emendas lógica desqualificam pl	train
não	train
proibir porte não diminuiu indice nenhum	train
direito garantido constituição além grande enorme maioria brasileiros serem contra desarmamento 66 população	train
direito legítima defesa constitucional	train
direito legitima defesa direito inalienável efeito preciso ter acesso meios necessários eficazes armas fogo	train
cidadão poderá proteger	train
cidadão vai poder andar certo	train
anseio pessoas bem	train
dá direito defesa cidadão bem não quiser não adquirir	train
crime cercear direito defesa cidadão bem pois assalta mata não porte não arma registrada	train
não vai liberando armas vamos diminuir violência contrário iremos	train
muita enrolação votada	train
cidadão precisa amparado ter direito legítima defesa garantido	train
grande demora aprovação lei	train
permite cidadão bem escolher quer não arma fogo	train
povo direito livre escolha armar cassado não pode considerado povo livre não concorda não compra direito quero ter	train
caçadores atiradores esportivos colecionadores manuseiam armas diariamente segurança direito porte	train
revolver ja tornou obsoleto eventual troca tiro bandidos portam pistolas kit rajada fuzis menos liberem pistola gc carregador reserva todos vigilantes trabalham armados	train
texto reconhece direito legítima defesa ainda limite categorias profissionais acesso porte armas	train
deireito escolha quer nao comprar arma tbem legitma defesa vida patrimonio	train
garantir todo cidadão reputação ilibada possa usar liberdade escolher deseja arma fogo defesa família	train
legitima defesa direito cidadão bem	train
cidadão bem direito defender	train
direito defesa diante más intensões	train
direito defesa pessoal patrimônio direito natural humano	train
direito legítima defesa direito fundamental qualquer cidadão bem tirar direito entra governo totalitário acesso armas garante esquecer porte armas vigilantes cacs	train
direito defender defender família bens	train
concordo plenamente pl menos cacs marginalizados leis praticam esportes renderam medalhas olímpicas brasil não podem ter porte armas afim poder defender evitar armas caiam mãos erradas	train
direito legitima defesa referendo 2005 ignorado porte cacs encontrem dentro lei vigente	train
deixando informar porte deve 10 anos deixando informar porte deve nome titular validade qualquer arma curta acervo	train
deixaram desse projeto advogado juiz promotor direito portar arma vivem dentro gabinetes não hierarquia atores jurídicos art 6º lei alto risco atividade advocatícia	train
direito defender defender família patrimônio	train
advocacia sempre atividade risco dado constantes atentados contra profissionais área	train
arma registrada via sinarm não poder portar arma trabalho casa casa trabalho pena reclusão alta chance pagar multa	train
proteja família bens vivendo ditadura medo reféns apoio 100 alguém medo armas fácil não compre	train
não faz sentido emp	train
relator pl deputado alexandre leite misturou assuntos proibido lei complementar famoso jabuti acrescentando pl posse porte armas artigos versam sobre caça animais silvestres	train
não papel cidadão preocupar arcar segurança pública além disso incluido pl liberação caça animais silvestres absurdo	train
aumentar pena porte ilegal arma fogo ainda cima direito fiança absurdo equiparando pena homicídio 6 10 anos chega lei desarmamentista podem menos ouvir voz povo	train
porte arma deve direito cidadao pronto	train
direito legítima defesa	train
direito defesa pessoal	train
direito legítima defesa	train
permanece categorização não sendo permitido porte todo cidadão cumprir requisitos	train
restabelece direito defesa vida através acesso armas	train
deveria deixar claro quanto cidadão ter direito porte	train
possibilidade defesa cidadão bem segurança jurídica atirador esportivo maior acesso armas haverá menor criminalidade	train
faltou inclusão porte armas praças forças armadas estabilidade	train
grande restrição relação porte arma	train
cidadão deve ter direito defender	train
possibilidade concreta cidadão proteger si família	train
plebiscito povo havia escolhido liberação armas deputados senadores contramão vontade popular época legislaram contra vontade popular	train
melhora acesso direito legítima defesa	train
ainda não cidadão bem precisa proteger família integridade melhor nada concordo totalmente	train
cidadão bem desvantagem contra criminosos	train
processo aquisição posse porte caros demanda tempo cumprimento série requisitos portanto decisão cidadão modo não pode imposição estado	train
cidadão direito defender proteger família patrimônio forma eficaz proporcional nível agressor bandidos todos armados estado não onipresente não pode proteger todos	train
ressaltamos pl deve legislar sobre objeto posse porte armas não sobre outras atividades caça cuja possível alteração legislação vigente deve discutida amplamente sociedade forma pública transparente	train
possibilidade porte cidadão comum demonstre necessidade fato atende vontade popular expressa referendo 2005	train
nenhum	train
liberdade responsabilidade	train
além direito defesa garantido constituição amenizada falta respeito cometida costas opinião publica diante referendo 2005 onde população não aceitou desarmamento assim feito apenas cidadãos bem claro	train
porte arma cacs	train
ponto negativo deputados federais senadores não respeitarem escolhido plebiscito	train
retorna cidadão bem direito proteção vida familiares terceiros principalmente àqueles exercem profissão risco advogados	train
estatuto desarmamento art 6º inciso ix concede porte armas integrantes entidades desporto legalmente constituídas cac faltando apenas regulamentação pl oportunamente vem sanar omissão administração	train
direito cidadão	train
segurança jurídica	train
porte vigilante	train
ainda constar exigência efetiva necessidade retirada porte arma necessidade defesa si	train
garantir direito cidadão possuir manter armas defender desburocratizar sistema direito fundamental cumprir referendo 2005	train
garantia defesa cidadão bem trabalha honra compromissos paga impostos deseja apenas respaldado prosseguir vida família	train
traz segurança jurídica cacs pessoas exercem atividade risco visto cacs posse porte trânsito grande familiaridade armas fogo	train
demorou respeitarem plebiscito 2005 país caos polícia não conta proteger cada individualmente direito auto defesa sagrado	train
defesa pessoal direito ninguém pode tomar arma pra cumprirem requisitos legais	train
mudanças leis sobre armamento continuam sendo restritivas	train
fundamental exercício livre arbítrio defender	train
direito cidadão bem respeito referendo 2005	train
faltou advogados projeto visto além tratar isonomia magistrados promotores advocacia conforme estatuto ordem tornado cada vez profissão onde risco perseguido sofrer atentado contra vida aumentado	train
referendo 2005 bem claro assim população enganada políticos desarmamentistas	train
inclusão agentes segurança socioeducativos pois correm auto risco devido função exercem	train
cacs necessitam desta lei melhor proteger acervos assim transportar tendo vista serem pessoas comprovadamente idôneas	train
direito cidadão bem defender família defender	train
estado não cumpre papel dar segurança cidadão	train
população brasileira não preparada liberação drogas armas	train
contempla meio legítima direito natural todos	train
porte funcional cac	train
não existente pontos negativos	train
termos defender tiraram cidadão direito defesa	train
garante respeita direito legítima defesa	train
interessa não saber onde vêm onde vão deveriam ir munições podem perguntar deputado alexandre leite aumento violência	train
armado mata morre desarmado morre	train
devolve direito cacs	train
não incluiu advogados	train
direito legitima defesa minimo cidadao precisa pl iremos evoluir	train
obediência constituição federal legítima defesa	train
minimiza risco cacs alvos bandidos	train
porte arma vigilantes categorias risco fato atividade ja direito porte serviço so irá estender	train
faltou incluir direito porte atiradores desportivos	train
direito legitima defesa	train
direito quer ter arma ter direito defesa	train
constitucional direito armar	train
não concordo exclusão possibilidade outras categorias previstas regulamento porte arma exclui executivo direito regulamentar profissões risco	train
garantia direito legítima defesa cidadão bem	train
possibilita direito todo cidadão atende pré requisitos adquirir arma fogo forma legal	train
regras claras tema reflete real opinião povo rejeitou lei desarmamento referendo	train
precisamos sim amparo pessoas bem direito proteção	train
todo cidadão direito legitima defesa	train
cidadão não anencefálico pecou cumpra lei senão estado escravize todos	train
direito constitucional defesa vida família patrimônio entendem não necessário simples não peçam posse porte importante assentar categorias direito constou decretos	train
faltou inclusão advogados	train
devemos respeitar plebiscito lei desarmamento onde previsto porte p atiradores fazendo valer previsto porque senão vez ficará evidenciado desrespeito lei ideologia alguns vez evidenciada	train
revoga lei avança pouco liberdade povo	train
cac concordo pl pois categoria porte federal enquadra efetiva necessidade além cacs todos brasileiros têm direito	train
todo cidadao bem deve ter direito defesa policia nao unipresente	train
avanço questão direito defesa parte cidadão pacifica questão porte arma atirador desportivo desfazendo insegurança gerada entendimento diverso lei agentes segurança	train
atende parte anseios povo	train
advogado não profissão risco conselheiro tutelar não função risco	train
garante cidadao bem direito defender si familia contra bandidos nao respeitam leis andam armados tratam população seres descartaveis	train
antes estatuto fez burocratizar compra cidadão bem bandidos ficaram mesma	train
arma não sinônimo segurança contrário vai facilitar uso armas fogo população civil vai acabar usando forma errada qualquer discussão	train
garante cidadãos bem direito defesa própria família patrimônio	train
enho direito defender defender família não policias pode defender momento precisamos	train
precisamos porte irmos local arcevo local treino ter correr risco sermos presos injustamente	train
ponto positivo pl ainda pouco branda caminho certo posse porte armas cidadão bem principalmente cacs necessitam porte proteger acervo	train
livre escolha cidadão ter não arma fogo	train
contra categorização porte enquanto umas classes direito porte outras precisam não principalmente cidadão preencha requisitos pra facilitar pra cac favor	train
capacidade reação direito legítima defesa frente injusta agressão assaltantes homicidas inescrupulosos porte armas garantido não respeitam lei	train
legítima defesa	train
deveria liberal irestrito	train
direito defesa cidadão bem fazer valer lei conforme escolha povo através plebiscito	train
amplia espaço propriedade rural bem razoável	train
direito cidadão bem poder necessário ter direito defesa vida familiares obrigação segurança dever estado	train
direito própria defesa	train
concede porte arma categorias necessitam devido periculosidade atividade exercem	train
brasil precisa voltar planeta terra alinhar países desenvolvidos civilizados onde posse porte arma dificultado não facilitado	train
equalização direitos governo não consegue garantir bandidos fiquem desarmados população direito proteger	train
decisão brasileiro favor armamento tomada plebiscito todo brasileiro deve ter direito portar arma logicamente responderá excesso cometidos defesa pessoal direito deve respeitado deve desarmado bandidos não cidadãos bem	train
direito inegável proteção bem precioso vida principalmente não segurança privada carro blindado	train
não vejo pontos negativos	train
proposta favorável somente banditismo péssimo população pois fragiliza ainda controle munições retirada numeração balas projeto criminoso	train
morosidade votação	train
governos redor mundo chacinaram 170 milhões próprios cidadãos durante século xx stalin hitler mao pol pot esmagadora maioria desses cidadãos havia sido desarmada mesmos governos antes serem assassinados	train
porte cacs 2 anos cr	train
levar arma cidade campo vice versa	train
direito defesa fala si não justiça nação permitir filhos exterminados elementos ruins não quiser não obrigado	train
quero defender vida família patrimônio infelizmente polícia não onipresente obrigação defender	train
clareza texto original reconhece direitos fundamentais permite acesso armas cidadão cumpre todos critérios definidos agora projeto lei senadores deputados pediam	train
ter direito legítima defesa	train
precisa dar direitos porte cidadão bem menas burocracia demora processos	train
devolve direito cidadão defender defender família	train
porque retiraram urgência desse pl povo morrendo chance legítima defesa	train
legitima atraves discussao legislativo estabelece maia solidez regramento proposto vista precariedade decreto direito posse todo cidadao qualificado porte algumas categorias criterios ainda rigidos	train
faltou fiscais auditores receitas estaduais justo princípio simetria especialmente fiscais estaduais pr ms mt ro trabalham rodovias infestadas contrabandistas traficantes	train
legitima defesa direito pessoal	train
defesa vida cidadao bem	train
difícil levar sério integrantes partido dem contudo ministro onix sendo dem avaliza	train
reforma falido estatuto desarmamento após 15 anos vigência mostrou serve apenas cercear direito cidadãos bem não inibe uso armas criminosos	train
respeita decisão referendo possibilita cidadão cumpridor leis possuir portar arma proteção pois estado não onipresente protegedor	train
concordo plenamente alterações apesar serem tímidas ainda mostra tendência mudança ideológica armas causa mortes armas mãos cidadãos bem protegem crime cometido armas ilegais estatuto nada ajudou	train
cac ainda sérias restrições dificuldades relação aquisição	train
dar direito cidadão bem legítima defesa	train
direito constitucional defesa vida pessoas bem vontade pessoas bem constatada plebicito legítima defesa direito cidadão	train
restrições deveria liberado tudo	train
abrirá mercado novas empresas aumentará arrecadação governo através tributos taxas	train
falta diminuir tempo porte cac retirar limitação armas munição	train
respeito referendo 2005	train
ainda não acolhe direito legitima defesa cidadãsos acolhido emenda garantir legitima defesa uso arma fogo quaisquer meio cf	train
não cita prazo validade porte não diz pessoal vinculado determinada arma	train
direito legal cidadão bem possuir portar arma legítima defesa basta absurdos jurídicos bandidos armados cidadãos desarmados	train
não inclui fiscais estaduais porte realizar sacrifício sanitário animais portadores doenças	train
nao abrangente suficiente deixado muitas brechas interpretacao juridica necessita maiores detalhes juridicos proteger cidadao bem	train
direito constitucional cidadão bem proteger vida familiares bem terceiros presença flagrante delito	train
todos têm direito constitucional ter legítima defesa assegurada estado não direito regular cidadão pode não ter âmbito legal	train
reconhecimento liberdade	train
mulher toda certeza quero direito defender todos contra direito buscando controle social população	train
garante direito deslocamento fos atletas tiro esportivo ma interpretação trajeto	train
cidadão ter direito armar defender	train
brasil sociedade engatinha necessita leis demais têm pouca fiscalização	train
direito defesa cidadão bem família falta investimentos segurança alta taxa criminalidade principalmente desejo maioria população brasileira acordo plebiscito 2005	train
direito defesa cidadão	train
não existem pontos negativos dar direito defesa cidadão caso não queira exercer direito não comprar nenhuma arma portar nenhuma arma	test
importante regulamentação clara respeite referendo 2005 posse porte exercício legitima defesa direito tirado covardemente cidadãos brasileiros	test
proteção á casa vida	test
liberdade direito legítima defesa cidadão bem desse país	test
infelizmente justiça espada caminham juntas	test
unico ponto negativo estatuto regente dias hoje priva cidadão exercer direito escolha	test
direito vida cidadão bem votação contra desarmamento 2005 onde direitos brasileiros tirados força pois vencemos contra desarmamento	test
auto defesa agente público	test
jeito muda todo dia não possivel apontar algo positivo	test
amplia capacidade defesa cidadão	test
flexibilização aquisição arma fogo máxima expressão liberdade meio garantia demais direitos constitucionalmente garantidos todos queiram	test
atirador desportivo precisa tratado respeito direito porte costa lei pois não aplicado	test
proposta fato facilitar acesso armas aumenta violência existem pesquisas confiáveis mostrando	test
consolidação direitos constitucionais definição propriedade defensável consolidação direito cacs quais não haveria cultura armamentista consolidação vontade popular referendada retificação aberrações jurídicas viés ideológico	test
faltou diversas categorias necessidade defender	test
direito cidadão não quiser não compre porém não opine direito quer comprar estatuto desarmamento serviu beneficiar bandidos	test
garante direito legítima defesa	test
possibilidade cidadão ordeiro poder diante tanta insegurança conseguir direito porte desde cumpra exigências determinada lei	test
defesa pois vigilante direto defesa trabalho risco vida não seguros governo não segurança	test
ampliar facilitar comercialização porte armas andar armado possuir armas não defende protege ninguém fato	test
direito defesa pessoal familiar	test
legitima defesa porte cacs	test
projeto não representa totalidade direitos propriedade armas fogo passo importante rumo liberdade acesso armas fogo cidadãos	test
garante direito proteção vida patrimônio cerceado forma disfarçada ridículo estatuto desarmamento	test
deve acrescentada categorias trazidas governo primeiro decreto transformar efetiva necessidade ato vinculado não discricionário	test
todos direito defesa	test
não porque armado protegido abordado surpresa dificilmente conseguirá reagir tempo	test
faltou acrescentar profissão vigilante	test
não limita aquisição muniçã não exige curso tiro não considera dolo disparo pontos vitais afinal atira defender assume risco assassinar alguém	test
libera armas cidadãos bem possibilitando controle armamento defesa pessoal	test
deveria especificar melhor sobre civil poder atirar clubes tiro necessitar tirar registro antecedência	test
devolve cidadão bem direito optar não ter portar arma fogo legitima defesa caso cumpra requisitos aprovado testes práticos psicológicos tal	test
dá efetividade decidido referendo 2005 respeito vontade popular	test
nenhum	test
faltou isonomia porte pessoal guardas civis municipais	test
todo cidadão direito legítima defesa	test
direito defesa vida familiares pena morte neste país existe cidadão bem morre mãos marginais protegidos leis falhas devolvam direito roubado referendo 2005 dá direito	test
relativa condição atender parte anseios população clama possibilidade escolha possuir portar arma respeitando direito defesa cidadão garantido constituição federal	test
atirador desportista preciso ter legítima defesa garantida assegurar acervo insegurança país grande precisamos proteção	test
necessário garantir direito transporte desmuniciado somente craf necessidade guias transito facilitaria treino arma manutneção periódica junto armeiros cadastrados evitando acidentes eventual necessidade utilização	test
ajuda restabelecer direito natural sagrado humano defender si próprio família patrimônio contra injustas ameaças	test
papel segurança pública andar armada não pode assunto deliberado presidente precisa amplo debate	test
garantia direito defesa	test
ha mudar lei desarmamento totalmente plebiscito 2005 não respeitado	test
clareza texto original reconhece direitos fundamentais permite acesso armas cidadão cumpre todos critérios definidos agora projeto lei senadores deputados pediam	test
todos	test
senhores deputados pl 3723 regulamenta situação muitas categorias utiliza pce contamos apoio vossa compreensão aguardamos votação hoje certeza lembraremos voto agradecemos	test
cidadão bem bons antecedentes maior acesso armas fogo defesa família património estatuto desarmamento não representa vontade povo brasileiro traídos imposição deste estatuto votação não ganhou	test
legitima defesa direito	test
estado não onipresente sendo impossível antecipação necessária dar proteção cidadão tendo direito posse arma alternativa viável inibir ação bandido	test
cac não deve ter pedágio ter porte	test
restaura direito cidadão cumpre requisitos lei portar armas fogo defesa	test
100 favor porte ea legítima defesa	test
liberdade individuo defender possuir portar armamento trazendo segurança própria população desarmada merce bandidagem diminuindo monopólio estatal armamento queremos liberdades povo direito defender	test
aumenta liberdade cidadão exercer direito nato legítima defesa armada	test
porte arma porte arma	test
permite revogação garantia tirada lei onde somente marginais podem andar armados dias atuais	test
vez aprovado pl 3723 processo registro junto pf vai demorado não condiz site diz prazo imediato após dar entrada documentação	test
protege profissionais exercício atividades podem resultar risco segurança vida	test
faltou incluir vigilantes direito porte	test
regulamentação pessoas capacitadas possam andar armadas crucial diminuição violência brasil pois bandidos sabem cidadãos bem desarmados facilitando	test
direito cidadão defender vida família propriedade	test
existe porte cac desde momento precisa ir casa pro clube clube pra casa pl não precisa aparecer aprovada pra criar dificuldades	test
direito legítima defesa porte posse cidadão bem favor pl	test
garante direito legitima defesa	test
cac esperamos direito legitima defesa agora negado famigerado estatuto desarmamento projeto corrige injustiças votação sendo adiada motivo	test
negativo è povo não poder ter direito á liberdade escolha principalmente direitos	test
estatuto desarmamento art 6º inciso xi concede porte armas agentes segurança tribunais pl vem sanar omissão administração não dar porte pessoal agente	test
estatuto desarmamento art 6º inciso ix concede porte armas integrantes entidades desporto legalmente constituídas cac faltando apenas regulamentação pl oportunamente vem sanar omissão administração	test
restrições concessão porte cacs	test
regulamentar previsto estatuto art 6º inciso ix porte cac s	test
quero direito defender familia	test
embora não exprima totalidade anseios povo geral razoável	test
redução vulnerabilidade domicílio perante criminosos invasores	test
concordo exigências objetivas tais aptidão técnica psicológica discordo exigência subjetiva vez efetiva necessidade imprevisível pode acontecer qualquer momento cidadão bem deve ter direito legal defender	test
não trata arma fogo sim legítima defesa direito tirado governo referendo 2005 não respeitado	test
quanto cac não precisaria 2 anos cr pegar porte cac cac tudo igual	test
altera lei retrocedendo retirando porte armas guardas municipais cidades abaixo 500 mil habitantes acontecer praticamente vai extinguir guardas	test
ponto destacaria nesse projeto todas categorias encontre artigo 144 fato direito porte arma serviço serviço tendo vista artigo 144 destaca área segurança pública	test
segurança jurídica desportista	test
porte cacs ter várias armas casa não poder andar nenhuma defender pior volta casa	test
garantia direito fundamentais legitima defesa	test
atirador desportista ainda assim difícil precisamos estender facilidade menos burocrática todos	test
votamos plebiscito rdes sociais quase maioria quer ter direito defender gostaria saber deputados senadores seguranças desarmados	test
população sempre escolheu	test
treinamento	test
cumpre parte direito defesa prole	test
não concordo verbo proibir democracia libera regulamenta penas severas fizer errado 2003 liberado hoje apenas não segue lei pode anda amras	test
poderia conter lista profissões consideradas risco justifique necessidade porte armas jeito privilégio cacs cac defendo direito todos cidadãos	test
permite caça não especificando animal silvestre exótico inserção caça projeto não afeito tema discussão sociedade extremamente prejudicial país	test
estado não consegue manter segurança cidadão logo não pode cercear legitima defesa	test
direito legítima defesa	test
garante segurança familia	test
não enxergo ponto positivo nenhuma iniciativa facilite amplie comercialização uso armas	test
concordo tudo acho precisamos avançar vejo sempre muita vontade aumentar penas desgraçar vida atirador registrado flagrado 1 munição bolso pouco empenho agravar penas manter presos conseguem todo tipo armamento forma ilegal cometem terríveis crimes vemos tão frequentemente	test
minimo minimo doque deve mudado	test
regulamenta porte armas cacs vivem limbo juridico pois autorização segundo lei desarmamento infelizmente nunca ouve regulamentação cacs direitos não atendidos governantes	test
todos direito defender devem ter posse responsavel armas porte liberado todos	test
direito defesa deve garantia inalienável	test
pontos negativos	test
nenhum	test
faz cumprir artigo 6 inciso iv lei	test
não inclui porte funcional advogados membros magistratura membros ministério público	test
estabelece esclare lei posse porte armas cria criterios regulamentacoes respeita avontade maiori povo	test
direito cidadao bem lei desarmamento deu certeza bandido pai familia nao defender porque bandido nao la devolver arma porque lei fala nao pode ter	test
defesa pessoal família direito constitucional estado não capaz oferecer direito constituconal	test
cumprimento lei	val
únicos defensores própria vida mesmos força estado não pode todos lugares subsidiar segurança nada justo legítima defesa	val
porte deveria pra todos	val
liberação porte arma fogo defesa própria família bem inclui carros motos tirar dever estado promover segurança pública cidadão assegurar direito ir vir	val
direito defesa escolha cidadão estado não pode onipresente	val
começa devolver direito roubado cidadão após referendo 2005 mostrou verdadeira vontade maioria	val
maior controle sobre armas ilegal direito cidadão exercer cidadania acesso cidadão meios protegem direito legitima defesa vez todas dispositivo regula cacs	val
munições projeto não marcadas modo tornar público rastreável comprou utilizou	val
não	val
condão desburocratizar comércio arma fogo ajustar abertura mercado fatores efeitos positivos economia geração empregos industrialização nacional	val
corrigi pequena parte direito individual cidadão brasileiro poder defender	val
faltou constar cac poderá portar arma cadastrada acervo sigma não sinarm	val
roubaram povo referendo fazem vergonha aí dentro dão risadas cara população	val
defesa cidadão bem proteção proteção familia	val
direito defesa cidadão bem	val
alguns casos diferença vida morte endurecer lei fazer mau uso desse direito simples	val
segurança	val
faltando emenda incluir direito porte arma advogados	val
todos	val
deve facilitado aquisição armas pessoas preparo legitimidade usar arma fogo	val
não discricionariedade autoridade estatal definir concessão porte deveriam critérios objetivos	val
altera art 6º dando possibilidade presidente abrir porte arma fogo categorias tira subjetividade momento aquisição arma fogo cidadão	val
dá direito cidadão defender marginais	val
dessa forma cac maior flexibilidade prática tiro desportivo porte facilita locomoção	val
direito defesa inalienável	val
deve aprovado porte arma advogados profissão risco	val
desburocratiza fixa requisitos objetivos concessão compra porte não pode ato discricionário agente publico	val
liberação armas todos restrição calibre assim acabava ladrões bandidos querem fazer mal pessoas bem visse pessoas armadas medo	val
nenhum pais livre cidadãos não livres defenderem	val
atende parte anseios direito legitima defesa uso porte armas fogo	val
importantíssimo proteção própria vida equipamento deveria estendido todos cidadãos	val
preserva direito garante possa ter meios defender criminosos tiranos	val
inconstitucional deixar cidadão entregue própria sorte	val
burocracia ainda grande demorada demora aprovação esferas politicas	val
atiradores caçadores colecionadores nao poder defender arsenal presas fáceis	val
determinação algumas poucas classes	val
falta ainda rever sobre processo compra armamento	val
projeto totalmente desfigurado	val
acabar ideia cidadão precisa comprovar algo ter porte morar brasil demonstração efetiva necessidade	val
separa cacs tempo cr separação deveria mediante atestado capacidade tec não tempo cr pessoas 5 anos cr não deram disparos enquanto alguns dão disparos mes	val
permite àquele apto quiser possuir arma defesa tomar ação	val
faltou colocar claro vigilantes profissionais segurança correm risco todos dias trabalhão armados	val
garante exercício legítima defesa cidadão responsabilidade	val
direito legítima defesa respeitar vontade povo	val
apensado solução duradoura	val
bom dia cidadão dê bem pagador impostos governamentais diariamente pagador direito assegurar dar segurança tranquilidade família responsável quê pôr governo não têm capacidade	val
direito defesa	val
todo cidadão preencha requisitos deveria ter direito porte armas pois não trata capricho trata direito defesa tendo visto todos dias saímos casas ovelhas matadouro polícia nunca unipresente	val
acesso cidadão bem porte armas federal	val
tendo critérios mínimos expedição autorizações não vejo problema	val
direito cidadão bem poder defender família	val
direito defesa diminuição progressiva violência porque criminosos vão pensar duas vezes antes tentar assalto porque vitima pode armada reagir	val
não atende direito fundamental humando	val
defesa patrimônio imediato cidadão não tendo dependência ineficaz estado	val
liberdade direito defesa	val
liberdade individual escolha	val
porte arma agentes socioeducativos alvos constantes ameaças	val
não incluiu agentes trânsito poderiam colaborar ordem pública conforme determina parágrafo 10º art 144 constituição federal	val
porte arma civis	val
oficiais justiça devem ter direito porte arma pois trabalham vulneráveis cumprimento execução ordens judiciais anda nenhuma proteção estado lidando dia dia pessoas perigosas locais desertos	val
cria restrições porte atirador desportivo não existiam estatuto desarmamento	val
2003 liberado todo cidadão assim devia voltar severas penas agir errado cultura proibir invés regulamentar ficalizar punir assusta prática anti demorática perigosa	val
prazo	val
porte arma direito todo cidadão bem ponto final abraço deputado	val
direitos auto defesa cidadão bem familiares	val
não tratou porte funcional advogados antiga requisição classe junto casas legislativas	val
direito defesa cidadão	val
incluir direito porte arma advogado ainda atua processo criminal	val
pra mim segurança cidadão bem pois direito defesa deva inalienável	val
direito cidadão bem poder ter portar arma sinônimo liberdade governo medo cidadão bem armas não merece respeito povo	val
todos cidadão passagens deveriam ter direito posse porte	val
enquanto bandidos andando armados aí cidadão bem ter direito andar armado defender	val
vigilantes merecem ter porte menos defender vidas ir vir posto serviço	val
liberdade cada escolha quer ter arma nao	val
liberdade individual cada cidadão	val
arma guardada casa objeto uso	val
concordo porque além direito natural todo homem defender estado não consegue garantir proteção cidadão propriedade forma eficiente	val
estado não pode interferir direito	val
porte armas reside zona rural toda extensão propriedade registramento armas não registradas	val
defesa pessoal família	val
falta postura alguns legisladores tentam distorcer projeto emendas absurdas dificultando avanço proposta	val
justo direito defesa amparado lei	val
não sentido cac não ter porte utilizar arma defesa próprio equipamento arsenal	val
não atender vontade soberana	val
dar cidadão bem acesso legítima defesa	val
direito legítima defesa	val
não define claramente categorias direito porte arma	val
parte vai encontro vontade popular direito comprar possuir portar armas fogo conforme resultado referendo 2005	val
liberdade direito defesa	val
bom começo senhores parlamentares sentem ameaçados rapidamente solicitam seguranças armados ponto positovo ter possibilidade real quiser adquirir instrumento ótimo utilizar legítima defesa	val
porte trânsito craf ganho maravilhoso deveria estender porte totalidade	val
devolve cidadão comum não suficiente proteção estatal dignidade poder defender	val
garante direito cidadão poder defender sendo estado incapaz prover total segurança	val
faltou especificar porte arma abrangerá todas armas porte registradas nome detentor porte armas tanto sinarm sigma	val
extender porte advogados isonomia procuradores juizes magistrados não podemos elitizar porte armas concurso público	val
direito escolha	val
não incluiu advogados	val
faltou validade porte qualquer arma acervo sigma sinarm bem validade 10 anos conforme decreto 9785 revogado	val
projeto devolve cidadão bem direito legitima defesa bem maior vida	val
atiradores devem ter porte incondicionalmente	val
não podemos abrir mão desse tipo informação país onde cerca 43 mil pessoas mortas armas fogo anualmente onde índice elucidação homicídios baixíssimo	val
melhora pouco situação atual ainda não ideal melhor vir	val
direito garantido constituição nenhum governo deveria ir contra	val
país livre país armas população bem	val
direito defender defender família	val
direito ter segurança legítima defesa proteger família lar empresa	val
