restitui direito legítima defesa bandido não segue leis	train
segurança	train
2003 liberado todo cidadão assim devia voltar severas penas agir errado cultura proibir invés regulamentar ficalizar punir assusta prática anti demorática perigosa	train
morosidade votação	train
todos direito defender devem ter posse responsavel armas porte liberado todos	train
totalmente favorável direito aquisição contra senso proibir uso produto fabricado país não poder adquirir então não existe necessidade manter país fábricas armas munições proibindo fabricação	train
possibilidade cidadão ordeiro poder diante tanta insegurança conseguir direito porte desde cumpra exigências determinada lei	train
todo cidadão direito legitima defesa estado unipresente	train
garante cidadao bem direito defender si familia contra bandidos nao respeitam leis andam armados tratam população seres descartaveis	train
lei altera pontos significativos ajudarão	train
ainda não cidadão bem precisa proteger família integridade melhor nada concordo totalmente	train
não	train
todo cidadao bem deve ter direito defesa policia nao unipresente	train
cidadão vai poder andar certo	train
direito cidadão escolha porta não arma fogo	train
direito legítima defesa constitucional	train
antes estatuto fez burocratizar compra cidadão bem bandidos ficaram mesma	train
não aprovação ainda	train
interessa não saber onde vêm onde vão deveriam ir munições podem perguntar deputado alexandre leite aumento violência	train
porte arma direito todo cidadão bem ponto final abraço deputado	train
faltou diversas categorias necessidade defender	train
atende direito povo	train
demora votação sendo maioria cidadãos brasileiros favor situação poderá comprovado urnas	train
faltou incluir vigilantes direito porte	train
faltando emenda incluir direito porte arma advogados	train
estatuto desarmamento art 6º inciso ix concede porte armas integrantes entidades desporto legalmente constituídas cac faltando apenas regulamentação pl oportunamente vem sanar omissão administração	train
aumentar segurança jurídica regular lei aspectos hoje regulados decretos portarias	train
direito defesa fala si não justiça nação permitir filhos exterminados elementos ruins não quiser não obrigado	train
existe porte cac desde momento precisa ir casa pro clube clube pra casa pl não precisa aparecer aprovada pra criar dificuldades	train
regulamenta tudo posse porte arma fogo brasil ponto totalmente positivo contra qualquer tipo crime	train
direito cidadão não quiser não compre porém não opine direito quer comprar estatuto desarmamento serviu beneficiar bandidos	train
não sido feito antes podendo evitar muitas atrocidades	train
mudanças leis sobre armamento continuam sendo restritivas	train
processo aquisição posse porte caros demanda tempo cumprimento série requisitos portanto decisão cidadão modo não pode imposição estado	train
devolve parte direito individual previsto constituição cidadão brasileiro nada poder defender	train
garante cidadãos bem direito defesa própria família patrimônio	train
garantia direito defesa	train
vida bem maior todos deve todas formas autodefesa embora constitucionalmente previsto transcende própria constituição cujo objetivo precípuo aliás própria vida	train
não	train
defesa pessoal família direito constitucional estado não capaz oferecer direito constituconal	train
acesso cidadão bem porte armas federal	train
não sentido cac não ter porte utilizar arma defesa próprio equipamento arsenal	train
quero ter direito proteger família propriedade tanto urbana quanto rural	train
atende desejo povo chance cidadão bem proteger contra bandidagem incapacidade onipresença estado todos lugares momentos armas salvam vidas	train
direito vida cidadão bem votação contra desarmamento 2005 onde direitos brasileiros tirados força pois vencemos contra desarmamento	train
100 favor porte	train
estatuto desarmamento art 6º inciso ix concede porte armas integrantes entidades desporto legalmente constituídas cac faltando apenas regulamentação pl oportunamente vem sanar omissão administração	train
dá efetividade decidido referendo 2005 respeito vontade popular	train
nenhum pais livre cidadãos não livres defenderem	train
cac ainda sérias restrições dificuldades relação aquisição	train
concordo plenamente alterações apesar serem tímidas ainda mostra tendência mudança ideológica armas causa mortes armas mãos cidadãos bem protegem crime cometido armas ilegais estatuto nada ajudou	train
direito legítima defesa	train
garante direitos alguns desses direitos constavam lei porém nunca postos prática	train
não concordo exclusão possibilidade outras categorias previstas regulamento porte arma exclui executivo direito regulamentar profissões risco	train
todos direito defesa	train
cacs necessitam desta lei melhor proteger acervos assim transportar tendo vista serem pessoas comprovadamente idôneas	train
restrições concessão porte cacs	train
não papel cidadão preocupar arcar segurança pública além disso incluido pl liberação caça animais silvestres absurdo	train
não atender vontade soberana	train
estatuto desarmamento art 6º inciso ix concede porte armas integrantes entidades desporto legalmente constituídas cac faltando apenas regulamentação	train
devolve cidadão bem direito optar não ter portar arma fogo legitima defesa caso cumpra requisitos aprovado testes práticos psicológicos tal	train
respeita decisão referendo possibilita cidadão cumpridor leis possuir portar arma proteção pois estado não onipresente protegedor	train
governos redor mundo chacinaram 170 milhões próprios cidadãos durante século xx stalin hitler mao pol pot esmagadora maioria desses cidadãos havia sido desarmada mesmos governos antes serem assassinados	train
cidadão bem direito defender	train
liberdade direito defesa	train
relator retira abrangência porte retira possibilidade poder executivo manejar via decreto velha política sendo feita desrespeito cidadão bem	train
passo pequeno diante necessidade proteção individual cidadão bem forças policiais infelizmente não disponíveis todo tempo todos lugares precisamos exercer direito proteção individual legítima defesa igual força proporção	train
porte trânsito craf ganho maravilhoso deveria estender porte totalidade	train
liberdade cidadão sendo respeitada	train
arma não sinônimo segurança contrário vai facilitar uso armas fogo população civil vai acabar usando forma errada qualquer discussão	train
direito defesa pessoal	train
retomar liberdade cidadão sério honesto poder ter posse arma fogo legal	train
parte vai encontro vontade popular direito comprar possuir portar armas fogo conforme resultado referendo 2005	train
não vai liberando armas vamos diminuir violência contrário iremos	train
idade minima 21 anos 25 porte entendo idade alguns requisito passagem avalicao psicólogo treino apito usar não prudente correto ter registro 25 anos porte 30anos passando requisitos citados	train
garante direito inalienável cidadão garantir segurança família propriedade dá outras providências	train
não cita prazo validade porte não diz pessoal vinculado determinada arma	train
direito legítima defesa	train
acesso armas legais direito inalienável cidadão cumpridor deveres leis precisamos critérios objetivos não podemos concordar termos direito tutelado vontade delegado polícia federal	train
plebiscito povo havia escolhido liberação armas deputados senadores contramão vontade popular época legislaram contra vontade popular	train
restabelece direito defesa vida através acesso armas	train
falta exigir artigo 10 ato denegatório porte ato vinculado	train
cria restrições porte atirador desportivo não existiam estatuto desarmamento	train
direito constitucional defesa vida pessoas bem vontade pessoas bem constatada plebicito legítima defesa direito cidadão	train
favor direito defender porém devemos dar passo cada vez não vejo problema desde regido cuidados radicais não assumam controle tempo validar direito cidadão segurança pessoal conforme constituição deve inviolável	train
faltou advogados	train
direito legítima defesa porte cacs	train
reconhecimento direito porte funcional diversas categorias relacionadas persecução criminal	train
deveria liberal irestrito	train
porte arma agentes socioeducativos alvos constantes ameaças	train
agentes transito não contemplados porte apesar fazerem parte artigo 144 constituição federal	train
faltou constar cac poderá portar arma cadastrada acervo sigma não sinarm	train
prevalece vontade maioria concede cidadão direito defender vida todos meios necessários	train
vai contribuir esporte segurança pessoal cidadao bem atirador	train
projeto ainda tímido principalmente relação cac gcms	train
garantia direito fundamentais legitima defesa	train
direito cidadao bem lei desarmamento deu certeza bandido pai familia nao defender porque bandido nao la devolver arma porque lei fala nao pode ter	train
direito cidadão bem defender família defender	train
burocracia ainda grande demorada demora aprovação esferas politicas	train
enquanto bandidos andando armados aí cidadão bem ter direito andar armado defender	train
direito consumidor	train
arma guardada casa objeto uso	train
direto defesa cidadão bem direto constitucional brasil sendo desrespeitado aprovar urgente atender vontade esmagadora população brasileira	train
vigilantes cidadãos bem queiram adequar requisitos necessários obter porte necessitam urgentemente obter acesso armas porque criminalidade níveis horrorosos então aprovem logo chega hipocrisia amor deus	train
importantíssimo proteção própria vida equipamento deveria estendido todos cidadãos	train
ponto negativo deputados federais senadores não respeitarem escolhido plebiscito	train
retira porte arma agentes fiscalização ambiental não deixam claro quais espécies podem abatidas podendo incluídas silvestres torna autorização controle fiscalização caça atividade exclusiva exército excluindo órgãos ambientais	train
incluído servidores judiciário comissários vara infância juventude oficiais judiciarios oficiais justiça pois todos fazem trabalhos alta periculosida	train
pra mim segurança cidadão bem pois direito defesa deva inalienável	train
restrições desnecessárias vernáculo mal empregado necessário clareza emendas aumentam restrição	train
direito legitima defesa	train
direito defesa bens família	train
estatuto desarmamento art 6º inciso xi concede porte armas agentes segurança tribunais pl vem sanar omissão administração não dar porte pessoal agente	train
dará direito fazem parte segurança pública ter porte arma	train
não arma destinada legitima defesa cidadão bem comete crime coloca população risco arma ilegal deve combatida precisamos ter volta direito legítima defesa armada	train
flexibilização maior acesso armas fogo não resultará maior segurança contrário gerará violência mortes	train
direito legítima defesa lar sagrado	train
violência gera violência dep devem preocupar gerar inclusão social ir origem problema contraditório pessoas cristãs defenderam violência	train
unico ponto negativo estatuto regente dias hoje priva cidadão exercer direito escolha	train
merecíamos pl amplo enquanto concordo pai família ter direito	train
autonomia cada cidadão bem possua bons antecedentes não respondendo processo crime ter livre escolha possuir não arma defender família patrimônio	train
separa cacs tempo cr separação deveria mediante atestado capacidade tec não tempo cr pessoas 5 anos cr não deram disparos enquanto alguns dão disparos mes	train
cidadão bem direito proteger	train
garantia direitos fundamentais	train
porte arma parte essencial direito defesa todo humano detém lei importante passo regularização desse direito	train
dar direito cidadão bem legítima defesa	train
texto reconhece direito legítima defesa ainda limite categorias profissionais acesso porte armas	train
não inclui fiscais estaduais porte realizar sacrifício sanitário animais portadores doenças	train
cumpre parte direito defesa prole	train
quero direito defesa	train
cidadão poder assegurar defesa família dentro rigor lei	train
faltou fiscais auditores receitas estaduais justo princípio simetria especialmente fiscais estaduais pr ms mt ro trabalham rodovias infestadas contrabandistas traficantes	train
faltou abranger ex policiais militares saíram desejo próprio ficha limpa	train
crime cercear direito defesa cidadão bem pois assalta mata não porte não arma registrada	train
bom dia cidadão dê bem pagador impostos governamentais diariamente pagador direito assegurar dar segurança tranquilidade família responsável quê pôr governo não têm capacidade	train
estado não provê segurança deixe população defender permitido porte posse armas pessoas bem	train
liberdade querem ter meios defender própria vida entes queridos	train
atirador desportista preciso ter legítima defesa garantida assegurar acervo insegurança país grande precisamos proteção	train
falta inclusão advogados art 6o	train
condão desburocratizar comércio arma fogo ajustar abertura mercado fatores efeitos positivos economia geração empregos industrialização nacional	train
devolva direito roubado pt defender bandidos	train
ajuda restabelecer direito natural sagrado humano defender si próprio família patrimônio contra injustas ameaças	train
devolve direito quero voltar poder defender sim legítima defesa	train
defesa devido trabalhar produtos químicos controlados pf morra zona rural	train
autodefesa	train
ponto positivo pl ainda pouco branda caminho certo posse porte armas cidadão bem principalmente cacs necessitam porte proteger acervo	train
profissionais d segurança ñ deveriam ter q enfrentar burocracia nenhuma pra comprar armas	train
legitima defesa direito cidadão visto ineficiência incompetência inoperância estado	train
munições projeto não marcadas modo tornar público rastreável comprou utilizou	train
restaura direito cidadão bem defender família propriedade	train
nenhum	train
auto defesa agente público	train
atiradores caçadores colecionadores nao poder defender arsenal presas fáceis	train
não concordo verbo proibir democracia libera regulamenta penas severas fizer errado 2003 liberado hoje apenas não segue lei pode anda amras	train
preservação instituo legítima defesa liberdade	train
amplia espaço propriedade rural bem razoável	train
regulamenta porte armas cacs vivem limbo juridico pois autorização segundo lei desarmamento infelizmente nunca ouve regulamentação cacs direitos não atendidos governantes	train
nenhum	train
importante trata integridade vida humana	train
determinação algumas poucas classes	train
desarmamento não funcionou vide pesquisas relacionadas direito cidadão exercer legítima defesa conta constituição brasileira	train
leis ineficazes	train
importante regulamentação clara respeite referendo 2005 posse porte exercício legitima defesa direito tirado covardemente cidadãos brasileiros	train
projeto não representa totalidade direitos propriedade armas fogo passo importante rumo liberdade acesso armas fogo cidadãos	train
saber usar portar arma protegesse alguém nenhum policial segurança morreriam serviço	train
muitas emendas lógica desqualificam pl	train
treinamento	train
ponto destacaria nesse projeto todas categorias encontre artigo 144 fato direito porte arma serviço serviço tendo vista artigo 144 destaca área segurança pública	train
porte atirador somente 2 anos absurdo	train
direito cidadão bem poder necessário ter direito defesa vida familiares obrigação segurança dever estado	train
melhora acesso direito legítima defesa	train
direito defender	train
faltou incluir advogados direitos iguais juiz promotores não havendo hierarquia conforme dispõe artigo 6º lei estatuto advocacia	train
garantir todo cidadão reputação ilibada possa usar liberdade escolher deseja arma fogo defesa família	train
não tratou porte funcional advogados antiga requisição classe junto casas legislativas	train
constitucional direito armar	train
maior controle sobre armas ilegal direito cidadão exercer cidadania acesso cidadão meios protegem direito legitima defesa vez todas dispositivo regula cacs	train
legitima defesa direito	train
ampliar facilitar comercialização porte armas andar armado possuir armas não defende protege ninguém fato	train
direito defesa caso opte	train
armas posse porte critérios justos cidadãos bem direito defesa vida família	train
garante respeita direito legítima defesa	train
direito legítima defesa fazer cometa crimes pensar 2 vezes antes cometar ato medo nunca saber vítima estará armada	train
direito legitima defesa direito inalienável efeito preciso ter acesso meios necessários eficazes armas fogo	train
possibilidade concreta cidadão proteger si família	train
prazo	train
direito defesa escolha cidadão estado não pode onipresente	train
devolve direito constitucional natural população atende requisitos legais defesa visto falta capacidade estatal presente todos locais situações	train
direito defesa diante más intensões	train
defesa pois vigilante direto defesa trabalho risco vida não seguros governo não segurança	train
decisão brasileiro favor armamento tomada plebiscito todo brasileiro deve ter direito portar arma logicamente responderá excesso cometidos defesa pessoal direito deve respeitado deve desarmado bandidos não cidadãos bem	train
aumenta liberdade cidadão exercer direito nato legítima defesa armada	train
contra categorização porte enquanto umas classes direito porte outras precisam não principalmente cidadão preencha requisitos pra facilitar pra cac favor	train
finalmente regulamentando defesa acervo cac	train
direito legítima defesa porte posse cidadão bem favor pl	train
todo cidadão direito legitima defesa	train
cac não deve ter pedágio ter porte	train
direito defesa previsto constituição federal	train
alguns casos diferença vida morte endurecer lei fazer mau uso desse direito simples	train
contra porte armas fogo colocar armas ruas vai aumentar insegurança	train
faltou empresarios	train
inclusão agentes segurança socioeducativos pois correm auto risco devido função exercem	train
garantia direito legítima defesa cidadão bem	train
não incluiu advogados	train
liberação armas todos restrição calibre assim acabava ladrões bandidos querem fazer mal pessoas bem visse pessoas armadas medo	train
garante direito proteção vida patrimônio cerceado forma disfarçada ridículo estatuto desarmamento	train
faltou especificar porte arma abrangerá todas armas porte registradas nome detentor porte armas tanto sinarm sigma	train
porte armas cacs consta lei desde 2003 não regulamentado pf vem através ato discricionário negando portes cidadões possuem habilidades muitos treinam policiais	train
alteração estatuto desarmamento desejo população assim pl3723 vai encontro anseios povo	train
não faz sentido emp	train
permitir direito defesa cidadão	train
direito defender	train
considero negativo trecho onde menciona não necessidade exames psicológicos capacidade manuseio armas	train
deveria especificar melhor sobre civil poder atirar clubes tiro necessitar tirar registro antecedência	train
dá direito defesa cidadão bem não quiser não adquirir	train
regulamentar previsto estatuto art 6º inciso ix porte cac s	train
categorias atividades poderiam incluídas projeto lei exemplo motoristas aplicativo transporte taxistas expediente noturno	train
cidadão bem bons antecedentes maior acesso armas fogo defesa família património estatuto desarmamento não representa vontade povo brasileiro traídos imposição deste estatuto votação não ganhou	train
relator pl deputado alexandre leite misturou assuntos proibido lei complementar famoso jabuti acrescentando pl posse porte armas artigos versam sobre caça animais silvestres	train
direito defesa vida patrimônio pois estado sabemos não onipresente violência batendo porta países desenvolvidos liberdade apoia cidadão bem inclusive nessa questão tange pl 3723	train
regras claras tema reflete real opinião povo rejeitou lei desarmamento referendo	train
infelizmente justiça espada caminham juntas	train
direito natural todo humano defesa	train
projeto devolve cidadão bem direito legitima defesa bem maior vida	train
corrigi pequena parte direito individual cidadão brasileiro poder defender	train
corruptos medo população bem armarem não conseguirem continuar explorando país	train
liberdade individual escolha	train
jogo feio aliados governo eleito bandeira cac direito porte justificativa demora jogo feio não aliados tempo pensar população todo prendem disputas pessoais partidárias	train
defesa cidadão bem proteção proteção familia	train
reconhecimento liberdade	train
direito defesa pois estado não onipresente	train
advogado não profissão risco conselheiro tutelar não função risco	train
ainda projeto extremamente desarmamentista faz limitações sentido não coloca estado servir cidadão contrário	train
cidadãos vigilantes arriscam serviços	train
lei permite todo cidadão bem direito defender malfeitores sinal andam armados ilegalmente	train
difícil parlamentares entenderem vez todas cidadãos querem liberdade plena nenhuma distinção classes cidadãos	train
quero direito defender familia	train
porte funcional cac	train
acabar ideia cidadão precisa comprovar algo ter porte morar brasil demonstração efetiva necessidade	train
garante segurança familia	train
devolve direito natural fundamental portar arma fogo defesa vida	train
liberar porte direito legítima defesa estado não onipresente	train
legitima defesa direito pessoal	train
direito quer ter arma ter direito defesa	train
não incluiu agentes trânsito poderiam colaborar ordem pública conforme determina parágrafo 10º art 144 constituição federal	train
direito defender defender família bens	train
garante exercício legítima defesa cidadão responsabilidade	train
retirada marcacao municao eh certeza interesse malfeitores nao querem ver crimes resolvidos	train
direitos porte armas cacs	train
porte arma deve direito cidadao pronto	train
direto defesa cidadão brasileiro	train
todo cidadão bem ter direito defender si familiares outros hoje vejo bandidos arma armas nenhuma lei vai impedir	train
embora defenda direito porte armas todo qualquer cidadão cumpra requisitos lei primeiro passo	train
liberdade cada escolha quer ter arma nao	train
todos	train
esclarece forma simples rápida diversos conceitos levado prisões ilegais durante últimos anos	train
permite àquele apto quiser possuir arma defesa tomar ação	train
cidadão manifestou quer quer direito legítima defesa	train
acordo desde atenda todos requisitos não feri nenhum principio legitima defesa	train
caçadores atiradores esportivos colecionadores manuseiam armas diariamente segurança direito porte	train
devolve direito cacs	train
quero direito escolher ter não arma fogo simples assim	train
aprovação integral assim vontade maioria respeitada direto legítima estado eficiente segurança pública	train
flexibilização aquisição arma fogo máxima expressão liberdade meio garantia demais direitos constitucionalmente garantidos todos queiram	train
respeita competências poderes vai encontro anseios cidadãos honestos dispostos cumprir exigências lei poderem possuir portar armas contrário existe hoje muitos portam armas ilícitas conhecimento autoridades	train
porte arma vigilantes categorias risco fato atividade ja direito porte serviço so irá estender	train
grande demora aprovação lei	train
cidadão bem armado vagabundo procura emprego morre d fome	train
direito legítima defesa família	train
garante direito cidadão poder defender sendo estado incapaz prover total segurança	train
necessário cidadão direito legítima defesa	train
direito defender defender família	train
legítima defesa direito constitucional cidadão	train
cac concordo pl pois categoria porte federal enquadra efetiva necessidade além cacs todos brasileiros têm direito	train
tudo vai ficar bem claro lei	train
direito defesa diminuição progressiva violência porque criminosos vão pensar duas vezes antes tentar assalto porque vitima pode armada reagir	train
faz cumprir lei previa desde 2033 artigo 6 inciso iv lei	train
garante direito deslocamento fos atletas tiro esportivo ma interpretação trajeto	train
direito constitucional cidadão bem proteger vida familiares bem terceiros presença flagrante delito	train
senhores deputados pl 3723 regulamenta situação muitas categorias utiliza pce contamos apoio vossa compreensão aguardamos votação hoje certeza lembraremos voto agradecemos	train
atende parte anseios povo	train
bom começo senhores parlamentares sentem ameaçados rapidamente solicitam seguranças armados ponto positovo ter possibilidade real quiser adquirir instrumento ótimo utilizar legítima defesa	train
todos cidadão passagens deveriam ter direito posse porte	train
estado não pode interferir direito	train
deixando informar porte deve 10 anos deixando informar porte deve nome titular validade qualquer arma curta acervo	train
direito defesa cidadão	train
infelizmente não atende democraticamente maioria favor flexível cidadão comum	train
defesa patrimônio imediato cidadão não tendo dependência ineficaz estado	train
muita enrolação votada	train
não inclui advogado deveria ter porte funcional assim membros magistratura membros ministério público isonomia falta interesse oab neste sentido	train
atende alguns pontos aprovados plebiscito 2005 agora ignorado políticos oficiais justiça exercem atividade risco porte arma categoria importante efetivação prestação jurisdicional	train
porte arma porte arma	train
desarmar bandidos	train
legitima defesa direito cidadão bem	train
direito inegável proteção bem precioso vida principalmente não segurança privada carro blindado	train
direito legítima defesa acesso armas conhecimento sobre	train
segurança jurídica desportista	train
direito vida garantia constitucional garantir direito presente cenário necessidade auto tutela falar referendo população deve respeitado	train
porte cacs ter várias armas casa não poder andar nenhuma defender pior volta casa	train
eua bom exemplo pessoas armas liberadas gera grandes tragédias pessoas totalmente emocionais momentos estresse fazem besteiras	train
cidadãos bem deve ter livre arbítrio ter arma defesa patrimônio segurança pessoal familiares	train
direito legítima defesa respeitar vontade povo	train
garantia defesa cidadão bem trabalha honra compromissos paga impostos deseja apenas respaldado prosseguir vida família	train
permite caça não especificando animal silvestre exótico inserção caça projeto não afeito tema discussão sociedade extremamente prejudicial país	train
advogados devem tratados isonomia devem ter direito porte assim juizes defensores públicos etc	train
direito defesa inalienável	train
visão ampla povo precisa reeducado aquisição tal poder armar cidadão não aumenta segurança sim índice nacional homicídios	train
restrições deveria liberado tudo	train
todos têm direito constitucional ter legítima defesa assegurada estado não direito regular cidadão pode não ter âmbito legal	train
dessa forma cac maior flexibilidade prática tiro desportivo porte facilita locomoção	train
cidadão poderá ter direito defesa hora fato onde estado acionado posterior ato consumado	train
deve aprovado porte arma advogados profissão risco	train
não existem pontos negativos dar direito defesa cidadão caso não queira exercer direito não comprar nenhuma arma portar nenhuma arma	train
precisamos porte irmos local arcevo local treino ter correr risco sermos presos injustamente	train
pessoas confundem posse porte arma todo militar ffaa autorização posse porte embora envolvidos atualmente confrontos marginais assim policiais	train
dá direito cidadão defender marginais	train
restabelece direito defesa pessoa comum	train
direito garantido constituição nenhum governo deveria ir contra	train
direito defender defender família patrimônio	train
negativo è povo não poder ter direito á liberdade escolha principalmente direitos	train
possibilidade porte cidadão comum demonstre necessidade fato atende vontade popular expressa referendo 2005	train
proteção bens família	train
negativo tá demorando pra pautar aprovar demorô	train
direito legítima defesa direito fundamental qualquer cidadão bem tirar direito entra governo totalitário acesso armas garante esquecer porte armas vigilantes cacs	train
vigilantes queremos porte armas garantido partir 21 anos pois podemos atuar armado 21 anos não podemos ter propria arma defender	train
direito inerente cidadão cumprir todos requisitos exigidos	train
não trata arma fogo sim legítima defesa direito tirado governo referendo 2005 não respeitado	train
começa devolver direito roubado cidadão após referendo 2005 mostrou verdadeira vontade maioria	train
direito defesa individual integridade física família legítima defesa terceiros porque segurança pública defasada atual lei abuso autoridade contra autoridades policiais	train
poderia prever exame toxicológico anual cidadão bem não droga liberação armas calibre 45 9mm	train
direito legitima defesa minimo cidadao precisa pl iremos evoluir	train
direito legítima defesa	train
ampliação porte facilitação compra posse porte cac	train
cidadão bem direito defender	train
direito legitima defesa cidadão interesse defender familia propriedade	train
direito defesa cidadão bem respeito população decidiu referendo corruptos	train
justo agentes socioeducativos segurança pública correm mesmos riscos agentes prisionais	train
direito ter segurança legítima defesa proteger família lar empresa	train
direito	train
legitima defesa reconhecimento direitos fundamentais direito vida legítima defesa	train
restringe porte arma necessário incluir outras categorias tal advogados	train
cumprimento lei	train
direito defesa cidadão bem	train
flexibilidade aquisição indiciado processo penal inexigência curso capacitação	train
falta diminuir tempo porte cac retirar limitação armas munição	train
vigilantes privados municipais defendem patrimônios bens valores pessoas tiraram	train
direto defesa	train
não existem pontos negativos	train
direito defesa respeito plebiscito realizado	train
respeito referendo 2005	train
pl deveria abrangente todos cidadão contém registro sinarm outros orgãos	train
garante direito legitima defesa	train
todo cidadão preencha requisitos deveria ter direito porte armas pois não trata capricho trata direito defesa tendo visto todos dias saímos casas ovelhas matadouro polícia nunca unipresente	train
direito cidadão bem respeito referendo 2005	train
direitos auto defesa cidadão bem familiares	train
direito própria defesa	train
direito legítima defesa	train
únicos defensores própria vida mesmos força estado não pode todos lugares subsidiar segurança nada justo legítima defesa	train
reconhecimento direitos liberdade cidadão bem	train
devolve cidadão direito legitima defesa	train
direito constitucional vida garantias afins amparados meio desta medida adotada milênios povos cultos quais deve imitar comportamento jesus	train
faltou incluir direito porte atiradores desportivos	train
minimiza risco cacs alvos bandidos	train
todos	train
nenhum	train
papel segurança pública andar armada não pode assunto deliberado presidente precisa amplo debate	train
cidadão bem desvantagem contra criminosos	train
clareza texto original reconhece direitos fundamentais permite acesso armas cidadão cumpre todos critérios definidos agora projeto lei senadores deputados pediam	train
retirar efetiva necessidade	train
alguém capacitado conforme regras porte arma fogo necessitar porte arma fogo auto defesa poderá telo	train
quero defender vida família patrimônio infelizmente polícia não onipresente obrigação defender	train
direito defesa	train
princípio liberdade acesso armas todo cidadão bem ter direito	train
apensado solução duradoura	train
todos teêm direito defender	train
faltou acrescentar profissão vigilante	train
direito legítima defesa	train
deireito escolha quer nao comprar arma tbem legitma defesa vida patrimonio	train
liberação porte armas cac	train
segurança residencial direito legítima defesa	train
protege profissionais exercício atividades podem resultar risco segurança vida	train
termos defender tiraram cidadão direito defesa	train
projeto lei desobriga polícias forças armadas comprarem munições marcação lote interessa dificultar identificação munição	train
regulamentação pessoas capacitadas possam andar armadas crucial diminuição violência brasil pois bandidos sabem cidadãos bem desarmados facilitando	train
atende parte anseios direito legitima defesa uso porte armas fogo	train
proteja família bens vivendo ditadura medo reféns apoio 100 alguém medo armas fácil não compre	train
direto defesa não podemos morrer ovelhas	train
guando vir presidente desarmamentista mudo tudo	train
brasil sociedade engatinha necessita leis demais têm pouca fiscalização	train
faltou inclusão porte armas praças forças armadas estabilidade	train
advogada criminalista impressionada animação pessoas perigosas preenchem requisitos formais acesso facilitação compra armas cuidado	train
lei somente marginais podem andar armados dias atuais	train
vontade povo demonstrada referendo	train
libera armas cidadãos bem possibilitando controle armamento defesa pessoal	train
direito constituição cidadão poder defender família	train
liberdade direito defesa	train
projeto totalmente desfigurado	train
direito defesa	train
direito natural seguranca cidadao familia estado nao pode onipresente	train
concordo plenamente pl menos cacs marginalizados leis praticam esportes renderam medalhas olímpicas brasil não podem ter porte armas afim poder defender evitar armas caiam mãos erradas	train
direito defesa pessoal	train
tendo critérios mínimos expedição autorizações não vejo problema	train
direito legítima defesa	train
nenhum	train
cidadão bem direito defender proteger família patrimônio estado não onipresente não pode proteger todos cac bem treinado pode ajudar	train
estado não consegue manter segurança cidadão logo não pode cercear legitima defesa	train
polícia não pode defende toda população	train
faltou colocar claro vigilantes profissionais segurança correm risco todos dias trabalhão armados	train
deve facilitado aquisição armas pessoas preparo legitimidade usar arma fogo	train
estabelece esclare lei posse porte armas cria criterios regulamentacoes respeita avontade maiori povo	train
retirar efetiva necessidade	train
nenhum	train
devolver cidadãos direito defesa	train
levar arma cidade campo vice versa	train
atirador desportivo precisa tratado respeito direito porte costa lei pois não aplicado	train
consolidação direitos constitucionais definição propriedade defensável consolidação direito cacs quais não haveria cultura armamentista consolidação vontade popular referendada retificação aberrações jurídicas viés ideológico	train
natureza brasil sendo devastada muitas espécies caçadas caça proibida projeto parágrafo permite caça animais sequer citar quais espécies abre possibilidade caçar animais risco extinção	train
defesa cidadão bem especialmente zona rfural	train
porque retiraram urgência desse pl povo morrendo chance legítima defesa	train
garantir direito cidadão possuir manter armas defender desburocratizar sistema direito fundamental cumprir referendo 2005	train
dessa forma cac maior flexibilidade prática tiro desportivo porte facilita locomoção	train
direito cac portar arma ja previsto lei	train
legitima defesa porte cacs	train
brasil precisa voltar planeta terra alinhar países desenvolvidos civilizados onde posse porte arma dificultado não facilitado	train
dá cidadão bem possibilidade defender si família bens	train
defesa pessoal direito ninguém pode tomar arma pra cumprirem requisitos legais	train
faltou advogados projeto visto além tratar isonomia magistrados promotores advocacia conforme estatuto ordem tornado cada vez profissão onde risco perseguido sofrer atentado contra vida aumentado	train
mulher toda certeza quero direito defender todos contra direito buscando controle social população	train
não inclui porte funcional advogados membros magistratura membros ministério público	train
liberdade cidadão adquirir arma fogo defesa pessoal patrimônio	train
roubaram povo referendo fazem vergonha aí dentro dão risadas cara população	train
números acidente arma fogo aumentará devido flexibilização comercio facilitação compra	train
cidadão bem direito escolha	train
ofeŕece cidado bem chance defesa	train
direito legítima defesa	train
ainda constar exigência efetiva necessidade retirada porte arma necessidade defesa si	train
todo cidadão direito defesa lógico ter critérios avaliação	train
concordo totalmente pois cidadão direito defender ainda criminalidade atual fruto politica desarmamentista legitima defesa aspecto essencial palavra	train
poderia conter lista profissões consideradas risco justifique necessidade porte armas jeito privilégio cacs cac defendo direito todos cidadãos	train
não enxergo ponto positivo nenhuma iniciativa facilite amplie comercialização uso armas	train
importantíssimo regulamentar lei desarmamento não aceitaram decreto vai lei fundamental exercício livre arbítrio quero defender	train
direito natural autodefesa pessoas habilitadas manuseio arma fogo	train
porém deve bem analisado poderá ter arma incluindo exigência psicólogo análise pessoa condições ter arma	train
poder praticar esporte tanto amamos menos burocracia segurança	train
direito cidadão	train
direito defesa constitucional qualquer democracia	train
regulamentação porte armas cacs	train
cidadão poderá proteger	train
legítima defesa direito todo cidadão	train
retomar liberdade cidadão sério honesto poder ter posse arma fogo legal	train
obediência constituição federal legítima defesa	train
avanço questão direito defesa parte cidadão pacifica questão porte arma atirador desportivo desfazendo insegurança gerada entendimento diverso lei agentes segurança	train
reforma falido estatuto desarmamento após 15 anos vigência mostrou serve apenas cercear direito cidadãos bem não inibe uso armas criminosos	train
ainda restringe capacidade defesa cidadão	train
proteção á casa vida	train
todo mundo direito defesa polícia não lado toda hora dinheiro contratação segurança particular	train
poder defende tempo polícia chega	train
estatuto desarmamento art 6º inciso ix concede porte armas integrantes entidades desporto legalmente constituídas cac faltando apenas regulamentação pl oportunamente vem sanar omissão administração	train
libera armamento pesado civis	train
cidadão bem direito defender não desarmando população bem país vai diminuir violência urbana	train
país livre país armas população bem	train
poder ter garantido direito defesa si família	train
direito cidadão bem poder defender família	train
parece ainda estao impondo dificuldades porte deveria direito nao excessao peco revejam questao	train
todo cidadao direito defesa	train
direito cidadão dever nação sempre quisemos continuar armas legais então devolvam nunca queríamos deixar ter arma legal	train
equalização direitos governo não consegue garantir bandidos fiquem desarmados população direito proteger	train
direito defesa cidadão bem família falta investimentos segurança alta taxa criminalidade principalmente desejo maioria população brasileira acordo plebiscito 2005	train
não vejo pontos negativos	train
inconstitucional deixar cidadão entregue própria sorte	train
vontade povo	train
fundamental exercício livre arbítrio defender	train
jeito muda todo dia não possivel apontar algo positivo	train
lei define atiradores desportivos categoria direito porte federal queremos direito não favor queremos direito legitima defesa	train
porte vigilante	train
concordo porque além direito natural todo homem defender estado não consegue garantir proteção cidadão propriedade forma eficiente	train
concordo exigências objetivas tais aptidão técnica psicológica discordo exigência subjetiva vez efetiva necessidade imprevisível pode acontecer qualquer momento cidadão bem deve ter direito legal defender	train
deixar população ter armas vai voltar normal compra precisar gostar mexeram quieto avisei 2015 dia candidato coragem defender direito ter armas eleito bolsonaro coragem	train
bíblia garante direito defesa	train
extender porte advogados isonomia procuradores juizes magistrados não podemos elitizar porte armas concurso público	train
direito cidadão defender vida família propriedade	train
não porque armado protegido abordado surpresa dificilmente conseguirá reagir tempo	train
direito proteção vida garantido conforme cf88	train
direito constitucional defesa vida família patrimônio entendem não necessário simples não peçam posse porte importante assentar categorias direito constou decretos	train
concordo tudo acho precisamos avançar vejo sempre muita vontade aumentar penas desgraçar vida atirador registrado flagrado 1 munição bolso pouco empenho agravar penas manter presos conseguem todo tipo armamento forma ilegal cometem terríveis crimes vemos tão frequentemente	train
paridade advogados juízes promotores	train
ha mudar lei desarmamento totalmente plebiscito 2005 não respeitado	train
liberação porte arma fogo defesa própria família bem inclui carros motos tirar dever estado promover segurança pública cidadão assegurar direito ir vir	train
porte cacs 2 anos cr	train
ter direito legítima defesa	train
02 anos cr pros atiradores terem direito porte melhor 01 ano	train
pontos negativos	train
clareza texto original reconhece direitos fundamentais permite acesso armas cidadão cumpre lei evita judicialização termos dúbios norma atual	train
relativa condição atender parte anseios população clama possibilidade escolha possuir portar arma respeitando direito defesa cidadão garantido constituição federal	test
direito legitima defesa	test
possibilita legítima defesa vai encontro soberania popular representando vontade povo brasileiro	test
abrirá mercado novas empresas aumentará arrecadação governo através tributos taxas	test
não resolve problema segurança pública quanto armas violência	test
faltou inclusão auditores fiscais estados municípios inciso x art 6º pois submetidos mesmos riscos auditores federais realização missões	test
ainda não suficiente garantir direito pessoas bem defenderem	test
proibir porte não diminuiu indice nenhum	test
direito fundamental direitos todos segurança bem maior defesa vida	test
tirando direito lei aguardando apenas regulamentação faz leitura l13502 claro artigo 6º direito porte armas excelências não cerceiem direito cac favor razoáveis passamos testes muitas vezes rigorosos concurso público ainda assim tiram direito deveria garantido ajudem	test
alguem olhando cidadão bem	test
clareza texto original reconhece direitos fundamentais permite acesso armas cidadão cumpre todos critérios definidos agora projeto lei senadores deputados pediam	test
devolve cidadão comum não suficiente proteção estatal dignidade poder defender	test
direito garantido lei todo cidadão bem direito defender sentir seguro	test
armado mata morre desarmado morre	test
não discricionariedade autoridade estatal definir concessão porte deveriam critérios objetivos	test
falta ainda rever sobre processo compra armamento	test
possibilidade defesa cidadão bem segurança jurídica atirador esportivo maior acesso armas haverá menor criminalidade	test
sim ampliação sim legitima defesa sim direito natural so acho manter 25 maximo 23 anos	test
direito defesa agentes segurança socioeducativos lidam jovens 21 anos idade ameaçados morte precisam defender família si próprios	test
revolver ja tornou obsoleto eventual troca tiro bandidos portam pistolas kit rajada fuzis menos liberem pistola gc carregador reserva todos vigilantes trabalham armados	test
capacidade reação direito legítima defesa frente injusta agressão assaltantes homicidas inescrupulosos porte armas garantido não respeitam lei	test
direito defesa cidadão	test
permitir direito defesa cidadão	test
segurança população criminosos medo entrar residência	test
atirador desportista ainda assim difícil precisamos estender facilidade menos burocrática todos	test
faltou inclusão advogados	test
todos direito defender	test
respeitar direito quer possuir manter armas inclusão advogados outras categorias burocracia cacs	test
muitas alterações texto original contrariando vontade popular votou bolsonaro promessa campanha revogação estatuto desarmamento proposta atual bem aquem daquilo maioria povo almeja	test
oficiais justiça devem ter direito porte arma pois trabalham vulneráveis cumprimento execução ordens judiciais anda nenhuma proteção estado lidando dia dia pessoas perigosas locais desertos	test
necessário garantir direito transporte desmuniciado somente craf necessidade guias transito facilitaria treino arma manutneção periódica junto armeiros cadastrados evitando acidentes eventual necessidade utilização	test
bom lúcido	test
ainda sim contem restrições quanto quantidades categorias projeto liberal armas fogo não deve conter quantidades órgãos reguladores distinção calibres categorias podem não portar talvez comprovar capacidade uso antecedentes aceitável restringir pode não ter portar categorias discriminação	test
demorou respeitarem plebiscito 2005 país caos polícia não conta proteger cada individualmente direito auto defesa sagrado	test
faz cumprir artigo 6 inciso iv lei	test
atiradores devem ter porte incondicionalmente	test
deixaram desse projeto advogado juiz promotor direito portar arma vivem dentro gabinetes não hierarquia atores jurídicos art 6º lei alto risco atividade advocatícia	test
não atende direito fundamental humando	test
devemos respeitar plebiscito lei desarmamento onde previsto porte p atiradores fazendo valer previsto porque senão vez ficará evidenciado desrespeito lei ideologia alguns vez evidenciada	test
impossível estado prover legitima defesa cidadão brasileiro	test
segurança	test
direito legitima defesa referendo 2005 ignorado porte cacs encontrem dentro lei vigente	test
permite cidadão bem escolher quer não arma fogo	test
ainda restrições pra pratica esporte verdade invés alterar lei deveriam	test
liberdade direito legítima defesa cidadão bem desse país	test
cidadão não anencefálico pecou cumpra lei senão estado escravize todos	test
defesa pessoal	test
ainda facilita determinadas categorias quesito republicano liberar todos aptos interessados independente profissão	test
revoga lei avança pouco liberdade povo	test
todos devem ter direito escolher comprar não arma fogo bem carro escolha compra deve cidadão	test
lei deveria tratar amplo porte	test
todos pontos negativos	test
restrições acesso limitações absurdas cidadão apenas queira exercer direito proteger	test
quanto cac não precisaria 2 anos cr pegar porte cac cac tudo igual	test
devolve cidadão direito constitucional legitima defesa portedearmasim	test
grande restrição relação porte arma	test
nenhum	test
lei define atiradores desportivos categoria direito porte federal queremos direito	test
não existente pontos negativos	test
nenhum apoio integralmente	test
direito defesa cidadão bem fazer valer lei conforme escolha povo através plebiscito	test
proposta favorável somente banditismo péssimo população pois fragiliza ainda controle munições retirada numeração balas projeto criminoso	test
falta postura alguns legisladores tentam distorcer projeto emendas absurdas dificultando avanço proposta	test
direito garantido constituição além grande enorme maioria brasileiros serem contra desarmamento 66 população	test
respeitar direito natural cidadão defender estando frente perigo iminente	test
população brasileira não preparada liberação drogas armas	test
cidadão ter direito armar defender	test
faltou relator corrigir texto pois acata emenda deputado sanderson elaboração texto coloca texto não condiz texto emenda 14 deputado sanderson precisa correção	test
direito legítima defesa cidadão bem	test
restaura direito cidadão cumpre requisitos lei portar armas fogo defesa	test
apesar prestigiar poucas categorias avanço caminho liberdade segurança parlamentares querem reeleitos devem votar favor pois povo olho	test
simplesmente não existe possibilidade ter policial 24 horas lado cada cidadão bem brasileiro sendo assim certeza todo cidadão bem deve ter direito proteger forma bem entender inclui posse porte arma fogo	test
liberdade escolha ter não arma fogo	test
porte arma civis	test
estado não condições proteger direito resguardar vida	test
todos devemos ter direito defender lei rigida uso indevido tira cac indefinição porte gt	test
advocacia sempre atividade risco dado constantes atentados contra profissionais área	test
conceder porte arma população crime povo precisa educação investir escolas livros faculdades colegiais profissionalizantes livros vez arma	test
minimo minimo doque deve mudado	test
cac cidadãos bem comprovadamente idôneos meio certidões capacitados tecnicamente manusearem arma fogo maioria possuem preparo muitos policiais não pode tolhida liberdade escolha portar arma fogo	test
atiradores desportivos necessitam dessa regulamentação proteção equipamentos desportivos bem eventuais tentativas roubo posse desses	test
porte deveria geral irrestrito	test
população sempre escolheu	test
direito exercício instituto jurídico legítima defesa além consistir direito vida liberdade cidadão	test
legítima defesa	test
todos direito defender família bens	test
direito defesa pessoal familiar	test
cac esperamos direito legitima defesa agora negado famigerado estatuto desarmamento projeto corrige injustiças votação sendo adiada motivo	test
vem encontro anseios poder judiciário união propiciar integrantes força segurança melhores condições exercer atividade acontece relação outros poderes	test
vigilantes merecem ter porte menos defender vidas ir vir posto serviço	test
porte funcional cac	test
vai sanar vez todas direito porte arma cidadão bem cac pois todos direito defender vidas família patrimônio	test
direito cidadão bem poder ter portar arma sinônimo liberdade governo medo cidadão bem armas não merece respeito povo	test
faltou incluir advogados direitos iguais juiz promotores não havendo hierarquia conforme dispõe artigo 6º lei	test
disposição sobre obrigatoriedade cr levaria tese proibição competições internacionais traz penas exageradas posse porte ilegal	test
porte deveria pra todos	test
nao existe ponto negativo	test
estado não onipresente sendo impossível antecipação necessária dar proteção cidadão tendo direito posse arma alternativa viável inibir ação bandido	test
liberdade escolha população sobre direito natural defesa	test
traz segurança jurídica cacs pessoas exercem atividade risco visto cacs posse porte trânsito grande familiaridade armas fogo	test
facilita cidadão exercer direito defesa	test
não define claramente categorias direito porte arma	test
devolve liberdade povo brasileiro deseja ter arma defender si família patrimonio liberdade confirmada plebiscito 2005 onde 65 votaram liberdade armas fogo	test
amplia capacidade defesa cidadão	test
defesa vida cidadao bem	test
ainda não acolhe direito legitima defesa cidadãsos acolhido emenda garantir legitima defesa uso arma fogo quaisquer meio cf	val
cidadão precisa amparado ter direito legítima defesa garantido	val
desrespeito vida cidadão pagador impostos precisa ter direito escolha classe politica não semi deuses desrespeitar escolhas sociedade	val
liberdade responsabilidade	val
senhores vigilantes escolta armada protegem bens dentro caminhão hora ir embora nao podem ter porte proteger	val
direito defesa vida familiares pena morte neste país existe cidadão bem morre mãos marginais protegidos leis falhas devolvam direito roubado referendo 2005 dá direito	val
ponto positivo diminuição 21 anos vários seguranças agentes nesta área tanto particular público utilizam armas fogo tal idade querem ter posse arma nome atualmente não conseguem	val
arma registrada via sinarm não poder portar arma trabalho casa casa trabalho pena reclusão alta chance pagar multa	val
liberdade individual cada cidadão	val
dar cidadão bem acesso legítima defesa	val
melhora pouco situação atual ainda não ideal melhor vir	val
comigo todo cidadão si enquadrar requisitos portar arma habilitação dirigir ci cidadão não capacidade reprovado ponto vista	val
não podemos abrir mão desse tipo informação país onde cerca 43 mil pessoas mortas armas fogo anualmente onde índice elucidação homicídios baixíssimo	val
ampliação porte categoria oficiais justiça avaliadores vez trata cargo contato direto atividades risco tendo muita semelhança carreiras autorizadas estatuto desarmamento	val
concede porte arma categorias necessitam devido periculosidade atividade exercem	val
direito defesa pessoal patrimônio direito natural humano	val
incluir direito porte arma advogado ainda atua processo criminal	val
facilita acesso armas civis aumentando risco mortes acidentais	val
arma legalizada sendo portada fácil definir irregularidade pessoas desejam arma fazer baderna treinamento responsabilidade vida não compra arma legal vai continuar não comprando pois arma ilegal sinônimo anonimato	val
povo direito livre escolha armar cassado não pode considerado povo livre não concorda não compra direito quero ter	val
não incluiu advogados	val
contempla meio legítima direito natural todos	val
faltou isonomia porte pessoal guardas civis municipais	val
não limita aquisição muniçã não exige curso tiro não considera dolo disparo pontos vitais afinal atira defender assume risco assassinar alguém	val
direito legítima defesa	val
relação porte cidadão bem deveria direito não privilégio	val
precisamos sim amparo pessoas bem direito proteção	val
direito defesa pessoal policia não onipresente	val
permanece categorização não sendo permitido porte todo cidadão cumprir requisitos	val
confirma direito cidadao defender familia patrimonio	val
segurança jurídica	val
liberdade individuo defender possuir portar armamento trazendo segurança própria população desarmada merce bandidagem diminuindo monopólio estatal armamento queremos liberdades povo direito defender	val
100 favor porte ea legítima defesa	val
votamos plebiscito rdes sociais quase maioria quer ter direito defender gostaria saber deputados senadores seguranças desarmados	val
poder adquirir armas poder manter família patrimônio seguros	val
aumentar pena porte ilegal arma fogo ainda cima direito fiança absurdo equiparando pena homicídio 6 10 anos chega lei desarmamentista podem menos ouvir voz povo	val
liberar porte ter rigor fazer teste uso drogas bebidas igual motoristas pena ter porte aprontar deve dura	val
devolve direito cidadão defender defender família	val
altera art 6º dando possibilidade presidente abrir porte arma fogo categorias tira subjetividade momento aquisição arma fogo cidadão	val
deveria tratar sobre porte arma pode ameaçar rica fauna silvestre país estimular caça precisa revista	val
garante defesa dobpovo bem portar arma importante casa ninguém pode furtada	val
todo cidadão direito legítima defesa	val
direito defesa sagrado	val
anseio pessoas bem	val
direito cidadão defender nunca devia ter sido tirado	val
todos cidadãos bem comprem arma haverá dúvida bandido pessoa arma não pode contribuir pra diminuir covardia q eh hoje pois bandidos certeza q população desarmada	val
direito defesa	val
justo direito defesa amparado lei	val
embora não exprima totalidade anseios povo geral razoável	val
ressaltamos pl deve legislar sobre objeto posse porte armas não sobre outras atividades caça cuja possível alteração legislação vigente deve discutida amplamente sociedade forma pública transparente	val
deve acrescentada categorias trazidas governo primeiro decreto transformar efetiva necessidade ato vinculado não discricionário	val
direito escolha	val
preserva direito garante possa ter meios defender criminosos tiranos	val
altera lei retrocedendo retirando porte armas guardas municipais cidades abaixo 500 mil habitantes acontecer praticamente vai extinguir guardas	val
acabar declaração efetiva necessidade sabe necessidade cidadão jamais governo	val
não incluiu advogados	val
atende anseio população deseja porte arma	val
desburocratiza fixa requisitos objetivos concessão compra porte não pode ato discricionário agente publico	val
garantia cidadãos honestos trabalhadores direito legítima defesa família propriedade inclusive votamos	val
estado não cumpre papel dar segurança cidadão	val
nao abrangente suficiente deixado muitas brechas interpretacao juridica necessita maiores detalhes juridicos proteger cidadao bem	val
concordo plenamente porte arma cidadão bem pois decidido plebicito	val
direito defender família atiradores desportivos alvo crime organizado não entreguem bandeja criminosos	val
porte funcional cacs	val
redução vulnerabilidade domicílio perante criminosos invasores	val
direito cidadão defender vez estado não onipresente assunto segurança pública	val
direito todo cidadão bem defender vida família propriedade estado não onipresente favor posse arma residencial	val
além direito defesa garantido constituição amenizada falta respeito cometida costas opinião publica diante referendo 2005 onde população não aceitou desarmamento assim feito apenas cidadãos bem claro	val
garante direito legítima defesa	val
direito defende direito armas usamos tiro esportivo lazer caça animais liberado ibama	val
oportunidade pessoas aprenderem utilizar armas maneira responsável domínio tecnico mesmas	val
retirada pl 3723 autoridade presidente republica decretar porte armas outras categorias	val
cidadão deve ter direito defender	val
direito legal cidadão bem possuir portar arma legítima defesa basta absurdos jurídicos bandidos armados cidadãos desarmados	val
valorizacao reconhecimento direito defesa cidadao bem merito atiradores esportivos	val
direito defesa deve garantia inalienável	val
deveria deixar claro quanto cidadão ter direito porte	val
direito cidadão bem defesa família ninguém vai comprar arma legalmente cometer crime	val
apenas queremos legalidade direito buscar defesa constitucional	val
papel segurança pública andar armada não pode assunto deliberado presidente precisa amplo debate	val
cidadão direito defender proteger família patrimônio forma eficaz proporcional nível agressor bandidos todos armados estado não onipresente não pode proteger todos	val
proposta fato facilitar acesso armas aumenta violência existem pesquisas confiáveis mostrando	val
direito defesa	val
defesa pessoal família	val
cidadão comum dia vida privada direito defender bem defender família ma opinião decreto revogado supria tomara lei aprovado rapidamente	val
falta porte arma agentes segurança socioeducativo trabalham bamdidos diz adolescentes	val
direito cidadão desejo população	val
possibilita direito todo cidadão atende pré requisitos adquirir arma fogo forma legal	val
faltou inserir atividades profissionais sujeitas presunção necessidade tais caminhoneiros advogados jornalistas etc	val
efetiva necessidade somente profissões risco somente agentes segurança órgãos específicos serviço público	val
livre escolha cidadão ter não arma fogo	val
vez aprovado pl 3723 processo registro junto pf vai demorado não condiz site diz prazo imediato após dar entrada documentação	val
porte armas reside zona rural toda extensão propriedade registramento armas não registradas	val
permite revogação garantia tirada lei onde somente marginais podem andar armados dias atuais	val
devolve direito então negligenciado pf pois constava estatuto desarmamento direito porte	val
difícil levar sério integrantes partido dem contudo ministro onix sendo dem avaliza	val
precisa dar direitos porte cidadão bem menas burocracia demora processos	val
favorecimento caça consequente empobrecimento biodiversidade ameaça sistemas naturais fundamentais renovação recursos primários qualquer produção	val
porte arma cacs	val
referendo 2005 bem claro assim população enganada políticos desarmamentistas	val
todo humano direito defesa	val
retorna cidadão bem direito proteção vida familiares terceiros principalmente àqueles exercem profissão risco advogados	val
legitima atraves discussao legislativo estabelece maia solidez regramento proposto vista precariedade decreto direito posse todo cidadao qualificado porte algumas categorias criterios ainda rigidos	val
democracia permite direito escolha cidadão bem poder portar arma	val
enho direito defender defender família não policias pode defender momento precisamos	val
faltou validade porte qualquer arma acervo sigma sinarm bem validade 10 anos conforme decreto 9785 revogado	val
